Date,Time,HH:MM:SS,.SS,App Version,Build Hash,Parametric Version,UI Version,UI Bootloader Version ,Machine State,Cycle Selected,Cycle Engine State,Drum Motor,HTR 1 / Inner / Top,HTR 2 / Outer / Bot,Steam Valve,Inlet Thermistor,Outlet Thermistor,Raw Moisture,Filtered Moisture,Erd_TargetMoistureVoltageErd_TargetMoistureVoltage,TargetMoistureVoltageReached,MaxFilteredMoistureVoltageDuringASensingCycl,TTRTVoltage Seconds,Temp Multi EcoDry,Temp Multi Extra Dry,Temp Multi Low,Temp Multi Medium,Temp Multi High,NormalHeatControlMethodStatus,FallbackHeatControlMethodStatus,HeatControlRequest,TrimmerInhibitRelay1,TrimmerInhibitRelay2,TrimmerBothCoilInhibitRequest,OverTempHeaterInhibitRequest,EcoDryInhibitRelay1,Door Switch,Filtered Moisture,Drum Motor,HTR 1 / Inner / Top,HTR 2 / Outer / Bot,Steam Valve,Personality,Time Level,Erd_TimeLevelOptionRequest,Remaing Cycle Time,Min Sensing Eapse Time In Sec,Time Multi Sec X 100,Time Adder Sec
,,,,,,,,,2000,F09D,F09A,F011,F011,F011,F011,F015,F016,F0B8,F017,F0A8,F0A9,F117,F0BC,F816,F816,F816,F816,F816,F074,F075,F0A0,F07F,F080,F073,F072,F07D,F013,F017,F011,F011,F011,F011,35,2077,2078,F027,F801,F801,F801
10/13/2021,16:00:07:.299,04:00:07 p. m.,.299,Crit 0.0 Non Crit 0.0,21CE188EDA,Crit 0.0 Non Crit 0.0,Crit 1.0 Non Crit 4.1,00 00 00 00,STANDBY,OFF,Cycle 0 Unknown,OFF,OFF,OFF,OFF,0,0,191,0,0,False,0,0,0,0,0,0,0,False,False,OFF,False,False,False,False,False,Closed,0,OFF,OFF,OFF,OFF,1,TimeLevelOption_Disabled,FF,0,0,0,0
10/13/2021,16:00:07:.486,04:00:07 p. m.,.486,Crit 0.0 Non Crit 0.0,21CE188EDA,Crit 0.0 Non Crit 0.0,Crit 1.0 Non Crit 4.1,00 00 00 00,STANDBY,OFF,Cycle 0 Unknown,OFF,OFF,OFF,OFF,0,0,189,0,0,False,0,0,0,0,0,0,0,False,False,OFF,False,False,False,False,False,Closed,0,OFF,OFF,OFF,OFF,1,TimeLevelOption_Disabled,FF,0,0,0,0
10/13/2021,16:00:07:.642,04:00:07 p. m.,.642,Crit 0.0 Non Crit 0.0,21CE188EDA,Crit 0.0 Non Crit 0.0,Crit 1.0 Non Crit 4.1,00 00 00 00,STANDBY,OFF,Cycle 0 Unknown,OFF,OFF,OFF,OFF,0,0,189,0,0,False,0,0,0,0,0,0,0,False,False,OFF,False,False,False,False,False,Closed,0,OFF,OFF,OFF,OFF,1,TimeLevelOption_Disabled,FF,0,0,0,0
10/13/2021,16:00:07:.804,04:00:07 p. m.,.804,Crit 0.0 Non Crit 0.0,21CE188EDA,Crit 0.0 Non Crit 0.0,Crit 1.0 Non Crit 4.1,00 00 00 00,STANDBY,OFF,Cycle 0 Unknown,OFF,OFF,OFF,OFF,0,0,189,0,0,False,0,0,0,0,0,0,0,False,False,OFF,False,False,False,False,False,Closed,0,OFF,OFF,OFF,OFF,1,TimeLevelOption_Disabled,FF,0,0,0,0
10/13/2021,16:00:07:.992,04:00:07 p. m.,.992,Crit 0.0 Non Crit 0.0,21CE188EDA,Crit 0.0 Non Crit 0.0,Crit 1.0 Non Crit 4.1,00 00 00 00,STANDBY,OFF,Cycle 0 Unknown,OFF,OFF,OFF,OFF,0,0,189,0,0,False,0,0,0,0,0,0,0,False,False,OFF,False,False,False,False,False,Closed,0,OFF,OFF,OFF,OFF,1,TimeLevelOption_Disabled,FF,0,0,0,0
10/13/2021,16:00:08:.653,04:00:08 p. m.,.653,Crit 0.0 Non Crit 0.0,21CE188EDA,Crit 0.0 Non Crit 0.0,Crit 1.0 Non Crit 4.1,00 00 00 00,STANDBY,OFF,Cycle 0 Unknown,OFF,OFF,OFF,OFF,0,0,191,0,0,False,0,0,0,0,0,0,0,False,False,OFF,False,False,False,False,False,Closed,0,OFF,OFF,OFF,OFF,1,TimeLevelOption_Disabled,FF,0,0,0,0
10/13/2021,16:00:08:.861,04:00:08 p. m.,.861,Crit 0.0 Non Crit 0.0,21CE188EDA,Crit 0.0 Non Crit 0.0,Crit 1.0 Non Crit 4.1,00 00 00 00,STANDBY,OFF,Cycle 0 Unknown,OFF,OFF,OFF,OFF,0,0,191,0,0,False,0,0,0,0,0,0,0,False,False,OFF,False,False,False,False,False,Closed,0,OFF,OFF,OFF,OFF,1,TimeLevelOption_Disabled,FF,0,0,0,0
10/13/2021,16:00:09:.039,04:00:09 p. m.,.039,Crit 0.0 Non Crit 0.0,21CE188EDA,Crit 0.0 Non Crit 0.0,Crit 1.0 Non Crit 4.1,00 00 00 00,STANDBY,OFF,Cycle 0 Unknown,OFF,OFF,OFF,OFF,0,0,160,0,0,False,0,0,0,0,0,0,0,False,False,OFF,False,False,False,False,False,Closed,0,OFF,OFF,OFF,OFF,1,TimeLevelOption_Disabled,FF,0,0,0,0
10/13/2021,16:00:09:.202,04:00:09 p. m.,.202,Crit 0.0 Non Crit 0.0,21CE188EDA,Crit 0.0 Non Crit 0.0,Crit 1.0 Non Crit 4.1,00 00 00 00,STANDBY,OFF,Cycle 0 Unknown,OFF,OFF,OFF,OFF,0,0,160,0,0,False,0,0,0,0,0,0,0,False,False,OFF,False,False,False,False,False,Closed,0,OFF,OFF,OFF,OFF,1,TimeLevelOption_Disabled,FF,0,0,0,0
10/13/2021,16:00:09:.378,04:00:09 p. m.,.378,Crit 0.0 Non Crit 0.0,21CE188EDA,Crit 0.0 Non Crit 0.0,Crit 1.0 Non Crit 4.1,00 00 00 00,STANDBY,OFF,Cycle 0 Unknown,OFF,OFF,OFF,OFF,0,0,160,0,0,False,0,0,0,0,0,0,0,False,False,OFF,False,False,False,False,False,Closed,0,OFF,OFF,OFF,OFF,1,TimeLevelOption_Disabled,FF,0,0,0,0
10/13/2021,16:00:09:.576,04:00:09 p. m.,.576,Crit 0.0 Non Crit 0.0,21CE188EDA,Crit 0.0 Non Crit 0.0,Crit 1.0 Non Crit 4.1,00 00 00 00,STANDBY,OFF,Cycle 0 Unknown,OFF,OFF,OFF,OFF,0,0,160,0,0,False,0,0,0,0,0,0,0,False,False,OFF,False,False,False,False,False,Closed,0,OFF,OFF,OFF,OFF,1,TimeLevelOption_Disabled,FF,0,0,0,0
10/13/2021,16:00:09:.767,04:00:09 p. m.,.767,Crit 0.0 Non Crit 0.0,21CE188EDA,Crit 0.0 Non Crit 0.0,Crit 1.0 Non Crit 4.1,00 00 00 00,STANDBY,OFF,Cycle 0 Unknown,OFF,OFF,OFF,OFF,0,0,160,0,0,False,0,0,0,0,0,0,0,False,False,OFF,False,False,False,False,False,Closed,0,OFF,OFF,OFF,OFF,1,TimeLevelOption_Disabled,FF,0,0,0,0
10/13/2021,16:00:09:.930,04:00:09 p. m.,.930,Crit 0.0 Non Crit 0.0,21CE188EDA,Crit 0.0 Non Crit 0.0,Crit 1.0 Non Crit 4.1,00 00 00 00,STANDBY,OFF,Cycle 0 Unknown,OFF,OFF,OFF,OFF,0,0,160,0,0,False,0,0,0,0,0,0,0,False,False,OFF,False,False,False,False,False,Closed,0,OFF,OFF,OFF,OFF,1,TimeLevelOption_Disabled,FF,0,0,0,0
10/13/2021,16:00:10:.093,04:00:10 p. m.,.093,Crit 0.0 Non Crit 0.0,21CE188EDA,Crit 0.0 Non Crit 0.0,Crit 1.0 Non Crit 4.1,00 00 00 00,STANDBY,OFF,Cycle 0 Unknown,OFF,OFF,OFF,OFF,0,0,161,0,0,False,0,0,0,0,0,0,0,False,False,OFF,False,False,False,False,False,Closed,0,OFF,OFF,OFF,OFF,1,TimeLevelOption_Disabled,FF,0,0,0,0
10/13/2021,16:00:10:.288,04:00:10 p. m.,.288,Crit 0.0 Non Crit 0.0,21CE188EDA,Crit 0.0 Non Crit 0.0,Crit 1.0 Non Crit 4.1,00 00 00 00,STANDBY,OFF,Cycle 0 Unknown,OFF,OFF,OFF,OFF,0,0,161,0,0,False,0,0,0,0,0,0,0,False,False,OFF,False,False,False,False,False,Closed,0,OFF,OFF,OFF,OFF,1,TimeLevelOption_Disabled,FF,0,0,0,0
10/13/2021,16:00:10:.486,04:00:10 p. m.,.486,Crit 0.0 Non Crit 0.0,21CE188EDA,Crit 0.0 Non Crit 0.0,Crit 1.0 Non Crit 4.1,00 00 00 00,STANDBY,OFF,Cycle 0 Unknown,OFF,OFF,OFF,OFF,0,0,161,0,0,False,0,0,0,0,0,0,0,False,False,OFF,False,False,False,False,False,Closed,0,OFF,OFF,OFF,OFF,1,TimeLevelOption_Disabled,FF,0,0,0,0
10/13/2021,16:00:10:.644,04:00:10 p. m.,.644,Crit 0.0 Non Crit 0.0,21CE188EDA,Crit 0.0 Non Crit 0.0,Crit 1.0 Non Crit 4.1,00 00 00 00,STANDBY,OFF,Cycle 0 Unknown,OFF,OFF,OFF,OFF,0,0,161,0,0,False,0,0,0,0,0,0,0,False,False,OFF,False,False,False,False,False,Closed,0,OFF,OFF,OFF,OFF,1,TimeLevelOption_Disabled,FF,0,0,0,0
10/13/2021,16:00:10:.824,04:00:10 p. m.,.824,Crit 0.0 Non Crit 0.0,21CE188EDA,Crit 0.0 Non Crit 0.0,Crit 1.0 Non Crit 4.1,00 00 00 00,STANDBY,OFF,Cycle 0 Unknown,OFF,OFF,OFF,OFF,0,0,161,0,0,False,0,0,0,0,0,0,0,False,False,OFF,False,False,False,False,False,Closed,0,OFF,OFF,OFF,OFF,1,TimeLevelOption_Disabled,FF,0,0,0,0
10/13/2021,16:00:10:.991,04:00:10 p. m.,.991,Crit 0.0 Non Crit 0.0,21CE188EDA,Crit 0.0 Non Crit 0.0,Crit 1.0 Non Crit 4.1,00 00 00 00,STANDBY,OFF,Cycle 0 Unknown,OFF,OFF,OFF,OFF,0,0,161,0,0,False,0,0,0,0,0,0,0,False,False,OFF,False,False,False,False,False,Closed,0,OFF,OFF,OFF,OFF,1,TimeLevelOption_Disabled,FF,0,0,0,0
10/13/2021,16:00:11:.178,04:00:11 p. m.,.178,Crit 0.0 Non Crit 0.0,21CE188EDA,Crit 0.0 Non Crit 0.0,Crit 1.0 Non Crit 4.1,00 00 00 00,STANDBY,OFF,Cycle 0 Unknown,OFF,OFF,OFF,OFF,0,0,170,0,0,False,0,0,0,0,0,0,0,False,False,OFF,False,False,False,False,False,Closed,0,OFF,OFF,OFF,OFF,1,TimeLevelOption_Disabled,FF,0,0,0,0
10/13/2021,16:00:11:.342,04:00:11 p. m.,.342,Crit 0.0 Non Crit 0.0,21CE188EDA,Crit 0.0 Non Crit 0.0,Crit 1.0 Non Crit 4.1,00 00 00 00,STANDBY,OFF,Cycle 0 Unknown,OFF,OFF,OFF,OFF,0,0,170,0,0,False,0,0,0,0,0,0,0,False,False,OFF,False,False,False,False,False,Closed,0,OFF,OFF,OFF,OFF,1,TimeLevelOption_Disabled,FF,0,0,0,0
10/13/2021,16:00:11:.495,04:00:11 p. m.,.495,Crit 0.0 Non Crit 0.0,21CE188EDA,Crit 0.0 Non Crit 0.0,Crit 1.0 Non Crit 4.1,00 00 00 00,STANDBY,OFF,Cycle 0 Unknown,OFF,OFF,OFF,OFF,0,0,170,0,0,False,0,0,0,0,0,0,0,False,False,OFF,False,False,False,False,False,Closed,0,OFF,OFF,OFF,OFF,1,TimeLevelOption_Disabled,FF,0,0,0,0
10/13/2021,16:00:11:.683,04:00:11 p. m.,.683,Crit 0.0 Non Crit 0.0,21CE188EDA,Crit 0.0 Non Crit 0.0,Crit 1.0 Non Crit 4.1,00 00 00 00,STANDBY,OFF,Cycle 0 Unknown,OFF,OFF,OFF,OFF,0,0,170,0,0,False,0,0,0,0,0,0,0,False,False,OFF,False,False,False,False,False,Closed,0,OFF,OFF,OFF,OFF,1,TimeLevelOption_Disabled,FF,0,0,0,0
10/13/2021,16:00:11:.847,04:00:11 p. m.,.847,Crit 0.0 Non Crit 0.0,21CE188EDA,Crit 0.0 Non Crit 0.0,Crit 1.0 Non Crit 4.1,00 00 00 00,STANDBY,OFF,Cycle 0 Unknown,OFF,OFF,OFF,OFF,0,0,170,0,0,False,0,0,0,0,0,0,0,False,False,OFF,False,False,False,False,False,Closed,0,OFF,OFF,OFF,OFF,1,TimeLevelOption_Disabled,FF,0,0,0,0
10/13/2021,16:00:12:.013,04:00:12 p. m.,.013,Crit 0.0 Non Crit 0.0,21CE188EDA,Crit 0.0 Non Crit 0.0,Crit 1.0 Non Crit 4.1,00 00 00 00,STANDBY,OFF,Cycle 0 Unknown,OFF,OFF,OFF,OFF,0,0,192,0,0,False,0,0,0,0,0,0,0,False,False,OFF,False,False,False,False,False,Closed,0,OFF,OFF,OFF,OFF,1,TimeLevelOption_Disabled,FF,0,0,0,0
10/13/2021,16:00:12:.203,04:00:12 p. m.,.203,Crit 0.0 Non Crit 0.0,21CE188EDA,Crit 0.0 Non Crit 0.0,Crit 1.0 Non Crit 4.1,00 00 00 00,STANDBY,OFF,Cycle 0 Unknown,OFF,OFF,OFF,OFF,0,0,192,0,0,False,0,0,0,0,0,0,0,False,False,OFF,False,False,False,False,False,Closed,0,OFF,OFF,OFF,OFF,1,TimeLevelOption_Disabled,FF,0,0,0,0
10/13/2021,16:00:12:.361,04:00:12 p. m.,.361,Crit 0.0 Non Crit 0.0,21CE188EDA,Crit 0.0 Non Crit 0.0,Crit 1.0 Non Crit 4.1,00 00 00 00,STANDBY,OFF,Cycle 0 Unknown,OFF,OFF,OFF,OFF,0,0,192,0,0,False,0,0,0,0,0,0,0,False,False,OFF,False,False,False,False,False,Closed,0,OFF,OFF,OFF,OFF,1,TimeLevelOption_Disabled,FF,0,0,0,0
10/13/2021,16:00:12:.550,04:00:12 p. m.,.550,Crit 0.0 Non Crit 0.0,21CE188EDA,Crit 0.0 Non Crit 0.0,Crit 1.0 Non Crit 4.1,00 00 00 00,STANDBY,OFF,Cycle 0 Unknown,OFF,OFF,OFF,OFF,0,0,192,0,0,False,0,0,0,0,0,0,0,False,False,OFF,False,False,False,False,False,Closed,0,OFF,OFF,OFF,OFF,1,TimeLevelOption_Disabled,FF,0,0,0,0
10/13/2021,16:00:12:.737,04:00:12 p. m.,.737,Crit 0.0 Non Crit 0.0,21CE188EDA,Crit 0.0 Non Crit 0.0,Crit 1.0 Non Crit 4.1,00 00 00 00,STANDBY,OFF,Cycle 0 Unknown,OFF,OFF,OFF,OFF,0,0,192,0,0,False,0,0,0,0,0,0,0,False,False,OFF,False,False,False,False,False,Closed,0,OFF,OFF,OFF,OFF,1,TimeLevelOption_Disabled,FF,0,0,0,0
10/13/2021,16:00:12:.908,04:00:12 p. m.,.908,Crit 0.0 Non Crit 0.0,21CE188EDA,Crit 0.0 Non Crit 0.0,Crit 1.0 Non Crit 4.1,00 00 00 00,STANDBY,OFF,Cycle 0 Unknown,OFF,OFF,OFF,OFF,0,0,192,0,0,False,0,0,0,0,0,0,0,False,False,OFF,False,False,False,False,False,Closed,0,OFF,OFF,OFF,OFF,1,TimeLevelOption_Disabled,FF,0,0,0,0
10/13/2021,16:00:13:.095,04:00:13 p. m.,.095,Crit 0.0 Non Crit 0.0,21CE188EDA,Crit 0.0 Non Crit 0.0,Crit 1.0 Non Crit 4.1,00 00 00 00,STANDBY,OFF,Cycle 0 Unknown,OFF,OFF,OFF,OFF,0,0,156,0,0,False,0,0,0,0,0,0,0,False,False,OFF,False,False,False,False,False,Closed,0,OFF,OFF,OFF,OFF,1,TimeLevelOption_Disabled,FF,0,0,0,0
10/13/2021,16:00:13:.264,04:00:13 p. m.,.264,Crit 0.0 Non Crit 0.0,21CE188EDA,Crit 0.0 Non Crit 0.0,Crit 1.0 Non Crit 4.1,00 00 00 00,STANDBY,OFF,Cycle 0 Unknown,OFF,OFF,OFF,OFF,0,0,156,0,0,False,0,0,0,0,0,0,0,False,False,OFF,False,False,False,False,False,Closed,0,OFF,OFF,OFF,OFF,1,TimeLevelOption_Disabled,FF,0,0,0,0
10/13/2021,16:00:13:.432,04:00:13 p. m.,.432,Crit 0.0 Non Crit 0.0,21CE188EDA,Crit 0.0 Non Crit 0.0,Crit 1.0 Non Crit 4.1,00 00 00 00,STANDBY,OFF,Cycle 0 Unknown,OFF,OFF,OFF,OFF,0,0,156,0,0,False,0,0,0,0,0,0,0,False,False,OFF,False,False,False,False,False,Closed,0,OFF,OFF,OFF,OFF,1,TimeLevelOption_Disabled,FF,0,0,0,0
10/13/2021,16:00:13:.593,04:00:13 p. m.,.593,Crit 0.0 Non Crit 0.0,21CE188EDA,Crit 0.0 Non Crit 0.0,Crit 1.0 Non Crit 4.1,00 00 00 00,STANDBY,OFF,Cycle 0 Unknown,OFF,OFF,OFF,OFF,0,0,156,0,0,False,0,0,0,0,0,0,0,False,False,OFF,False,False,False,False,False,Closed,0,OFF,OFF,OFF,OFF,1,TimeLevelOption_Disabled,FF,0,0,0,0
10/13/2021,16:00:13:.744,04:00:13 p. m.,.744,Crit 0.0 Non Crit 0.0,21CE188EDA,Crit 0.0 Non Crit 0.0,Crit 1.0 Non Crit 4.1,00 00 00 00,STANDBY,OFF,Cycle 0 Unknown,OFF,OFF,OFF,OFF,0,0,156,0,0,False,0,0,0,0,0,0,0,False,False,OFF,False,False,False,False,False,Closed,0,OFF,OFF,OFF,OFF,1,TimeLevelOption_Disabled,FF,0,0,0,0
10/13/2021,16:00:13:.914,04:00:13 p. m.,.914,Crit 0.0 Non Crit 0.0,21CE188EDA,Crit 0.0 Non Crit 0.0,Crit 1.0 Non Crit 4.1,00 00 00 00,STANDBY,OFF,Cycle 0 Unknown,OFF,OFF,OFF,OFF,0,0,156,0,0,False,0,0,0,0,0,0,0,False,False,OFF,False,False,False,False,False,Closed,0,OFF,OFF,OFF,OFF,1,TimeLevelOption_Disabled,FF,0,0,0,0
10/13/2021,16:00:14:.080,04:00:14 p. m.,.080,Crit 0.0 Non Crit 0.0,21CE188EDA,Crit 0.0 Non Crit 0.0,Crit 1.0 Non Crit 4.1,00 00 00 00,STANDBY,OFF,Cycle 0 Unknown,OFF,OFF,OFF,OFF,0,0,162,0,0,False,0,0,0,0,0,0,0,False,False,OFF,False,False,False,False,False,Closed,0,OFF,OFF,OFF,OFF,1,TimeLevelOption_Disabled,FF,0,0,0,0
10/13/2021,16:00:14:.262,04:00:14 p. m.,.262,Crit 0.0 Non Crit 0.0,21CE188EDA,Crit 0.0 Non Crit 0.0,Crit 1.0 Non Crit 4.1,00 00 00 00,STANDBY,OFF,Cycle 0 Unknown,OFF,OFF,OFF,OFF,0,0,162,0,0,False,0,0,0,0,0,0,0,False,False,OFF,False,False,False,False,False,Closed,0,OFF,OFF,OFF,OFF,1,TimeLevelOption_Disabled,FF,0,0,0,0
10/13/2021,16:00:14:.427,04:00:14 p. m.,.427,Crit 0.0 Non Crit 0.0,21CE188EDA,Crit 0.0 Non Crit 0.0,Crit 1.0 Non Crit 4.1,00 00 00 00,STANDBY,OFF,Cycle 0 Unknown,OFF,OFF,OFF,OFF,0,0,162,0,0,False,0,0,0,0,0,0,0,False,False,OFF,False,False,False,False,False,Closed,0,OFF,OFF,OFF,OFF,1,TimeLevelOption_Disabled,FF,0,0,0,0
10/13/2021,16:00:14:.605,04:00:14 p. m.,.605,Crit 0.0 Non Crit 0.0,21CE188EDA,Crit 0.0 Non Crit 0.0,Crit 1.0 Non Crit 4.1,00 00 00 00,STANDBY,OFF,Cycle 0 Unknown,OFF,OFF,OFF,OFF,0,0,162,0,0,False,0,0,0,0,0,0,0,False,False,OFF,False,False,False,False,False,Closed,0,OFF,OFF,OFF,OFF,1,TimeLevelOption_Disabled,FF,0,0,0,0
10/13/2021,16:00:14:.764,04:00:14 p. m.,.764,Crit 0.0 Non Crit 0.0,21CE188EDA,Crit 0.0 Non Crit 0.0,Crit 1.0 Non Crit 4.1,00 00 00 00,STANDBY,OFF,Cycle 0 Unknown,OFF,OFF,OFF,OFF,0,0,162,0,0,False,0,0,0,0,0,0,0,False,False,OFF,False,False,False,False,False,Closed,0,OFF,OFF,OFF,OFF,1,TimeLevelOption_Disabled,FF,0,0,0,0
10/13/2021,16:00:14:.931,04:00:14 p. m.,.931,Crit 0.0 Non Crit 0.0,21CE188EDA,Crit 0.0 Non Crit 0.0,Crit 1.0 Non Crit 4.1,00 00 00 00,STANDBY,OFF,Cycle 0 Unknown,OFF,OFF,OFF,OFF,0,0,162,0,0,False,0,0,0,0,0,0,0,False,False,OFF,False,False,False,False,False,Closed,0,OFF,OFF,OFF,OFF,1,TimeLevelOption_Disabled,FF,0,0,0,0
10/13/2021,16:00:15:.094,04:00:15 p. m.,.094,Crit 0.0 Non Crit 0.0,21CE188EDA,Crit 0.0 Non Crit 0.0,Crit 1.0 Non Crit 4.1,00 00 00 00,STANDBY,OFF,Cycle 0 Unknown,OFF,OFF,OFF,OFF,0,0,161,0,0,False,0,0,0,0,0,0,0,False,False,OFF,False,False,False,False,False,Closed,0,OFF,OFF,OFF,OFF,1,TimeLevelOption_Disabled,FF,0,0,0,0
10/13/2021,16:00:15:.283,04:00:15 p. m.,.283,Crit 0.0 Non Crit 0.0,21CE188EDA,Crit 0.0 Non Crit 0.0,Crit 1.0 Non Crit 4.1,00 00 00 00,STANDBY,OFF,Cycle 0 Unknown,OFF,OFF,OFF,OFF,0,0,161,0,0,False,0,0,0,0,0,0,0,False,False,OFF,False,False,False,False,False,Closed,0,OFF,OFF,OFF,OFF,1,TimeLevelOption_Disabled,FF,0,0,0,0
10/13/2021,16:00:15:.453,04:00:15 p. m.,.453,Crit 0.0 Non Crit 0.0,21CE188EDA,Crit 0.0 Non Crit 0.0,Crit 1.0 Non Crit 4.1,00 00 00 00,STANDBY,OFF,Cycle 0 Unknown,OFF,OFF,OFF,OFF,0,0,161,0,0,False,0,0,0,0,0,0,0,False,False,OFF,False,False,False,False,False,Closed,0,OFF,OFF,OFF,OFF,1,TimeLevelOption_Disabled,FF,0,0,0,0
10/13/2021,16:00:15:.623,04:00:15 p. m.,.623,Crit 0.0 Non Crit 0.0,21CE188EDA,Crit 0.0 Non Crit 0.0,Crit 1.0 Non Crit 4.1,00 00 00 00,STANDBY,OFF,Cycle 0 Unknown,OFF,OFF,OFF,OFF,0,0,161,0,0,False,0,0,0,0,0,0,0,False,False,OFF,False,False,False,False,False,Closed,0,OFF,OFF,OFF,OFF,1,TimeLevelOption_Disabled,FF,0,0,0,0
10/13/2021,16:00:15:.781,04:00:15 p. m.,.781,Crit 0.0 Non Crit 0.0,21CE188EDA,Crit 0.0 Non Crit 0.0,Crit 1.0 Non Crit 4.1,00 00 00 00,STANDBY,OFF,Cycle 0 Unknown,OFF,OFF,OFF,OFF,0,0,161,0,0,False,0,0,0,0,0,0,0,False,False,OFF,False,False,False,False,False,Closed,0,OFF,OFF,OFF,OFF,1,TimeLevelOption_Disabled,FF,0,0,0,0
10/13/2021,16:00:15:.956,04:00:15 p. m.,.956,Crit 0.0 Non Crit 0.0,21CE188EDA,Crit 0.0 Non Crit 0.0,Crit 1.0 Non Crit 4.1,00 00 00 00,STANDBY,OFF,Cycle 0 Unknown,OFF,OFF,OFF,OFF,0,0,161,0,0,False,0,0,0,0,0,0,0,False,False,OFF,False,False,False,False,False,Closed,0,OFF,OFF,OFF,OFF,1,TimeLevelOption_Disabled,FF,0,0,0,0
10/13/2021,16:00:16:.622,04:00:16 p. m.,.622,Crit 0.0 Non Crit 0.0,21CE188EDA,Crit 0.0 Non Crit 0.0,Crit 1.0 Non Crit 4.1,00 00 00 00,STANDBY,OFF,Cycle 0 Unknown,OFF,OFF,OFF,OFF,0,0,169,0,0,False,0,0,0,0,0,0,0,False,False,OFF,False,False,False,False,False,Closed,0,OFF,OFF,OFF,OFF,1,TimeLevelOption_Disabled,FF,0,0,0,0
10/13/2021,16:00:16:.810,04:00:16 p. m.,.810,Crit 0.0 Non Crit 0.0,21CE188EDA,Crit 0.0 Non Crit 0.0,Crit 1.0 Non Crit 4.1,00 00 00 00,STANDBY,OFF,Cycle 0 Unknown,OFF,OFF,OFF,OFF,0,0,169,0,0,False,0,0,0,0,0,0,0,False,False,OFF,False,False,False,False,False,Closed,0,OFF,OFF,OFF,OFF,1,TimeLevelOption_Disabled,FF,0,0,0,0
10/13/2021,16:00:16:.988,04:00:16 p. m.,.988,Crit 0.0 Non Crit 0.0,21CE188EDA,Crit 0.0 Non Crit 0.0,Crit 1.0 Non Crit 4.1,00 00 00 00,STANDBY,OFF,Cycle 0 Unknown,OFF,OFF,OFF,OFF,0,0,169,0,0,False,0,0,0,0,0,0,0,False,False,OFF,False,False,False,False,False,Closed,0,OFF,OFF,OFF,OFF,1,TimeLevelOption_Disabled,FF,0,0,0,0
10/13/2021,16:00:17:.164,04:00:17 p. m.,.164,Crit 0.0 Non Crit 0.0,21CE188EDA,Crit 0.0 Non Crit 0.0,Crit 1.0 Non Crit 4.1,00 00 00 00,STANDBY,OFF,Cycle 0 Unknown,OFF,OFF,OFF,OFF,0,0,165,0,0,False,0,0,0,0,0,0,0,False,False,OFF,False,False,False,False,False,Closed,0,OFF,OFF,OFF,OFF,1,TimeLevelOption_Disabled,FF,0,0,0,0
10/13/2021,16:00:17:.330,04:00:17 p. m.,.330,Crit 0.0 Non Crit 0.0,21CE188EDA,Crit 0.0 Non Crit 0.0,Crit 1.0 Non Crit 4.1,00 00 00 00,STANDBY,OFF,Cycle 0 Unknown,OFF,OFF,OFF,OFF,0,0,165,0,0,False,0,0,0,0,0,0,0,False,False,OFF,False,False,False,False,False,Closed,0,OFF,OFF,OFF,OFF,1,TimeLevelOption_Disabled,FF,0,0,0,0
10/13/2021,16:00:17:.499,04:00:17 p. m.,.499,Crit 0.0 Non Crit 0.0,21CE188EDA,Crit 0.0 Non Crit 0.0,Crit 1.0 Non Crit 4.1,00 00 00 00,STANDBY,OFF,Cycle 0 Unknown,OFF,OFF,OFF,OFF,0,0,165,0,0,False,0,0,0,0,0,0,0,False,False,OFF,False,False,False,False,False,Closed,0,OFF,OFF,OFF,OFF,1,TimeLevelOption_Disabled,FF,0,0,0,0
10/13/2021,16:00:17:.662,04:00:17 p. m.,.662,Crit 0.0 Non Crit 0.0,21CE188EDA,Crit 0.0 Non Crit 0.0,Crit 1.0 Non Crit 4.1,00 00 00 00,STANDBY,OFF,Cycle 0 Unknown,OFF,OFF,OFF,OFF,0,0,165,0,0,False,0,0,0,0,0,0,0,False,False,OFF,False,False,False,False,False,Closed,0,OFF,OFF,OFF,OFF,1,TimeLevelOption_Disabled,FF,0,0,0,0
10/13/2021,16:00:17:.846,04:00:17 p. m.,.846,Crit 0.0 Non Crit 0.0,21CE188EDA,Crit 0.0 Non Crit 0.0,Crit 1.0 Non Crit 4.1,00 00 00 00,STANDBY,OFF,Cycle 0 Unknown,OFF,OFF,OFF,OFF,0,0,165,0,0,False,0,0,0,0,0,0,0,False,False,OFF,False,False,False,False,False,Closed,0,OFF,OFF,OFF,OFF,1,TimeLevelOption_Disabled,FF,0,0,0,0
10/13/2021,16:00:18:.042,04:00:18 p. m.,.042,Crit 0.0 Non Crit 0.0,21CE188EDA,Crit 0.0 Non Crit 0.0,Crit 1.0 Non Crit 4.1,00 00 00 00,STANDBY,OFF,Cycle 0 Unknown,OFF,OFF,OFF,OFF,0,0,191,0,0,False,0,0,0,0,0,0,0,False,False,OFF,False,False,False,False,False,Closed,0,OFF,OFF,OFF,OFF,1,TimeLevelOption_Disabled,FF,0,0,0,0
10/13/2021,16:00:18:.237,04:00:18 p. m.,.237,Crit 0.0 Non Crit 0.0,21CE188EDA,Crit 0.0 Non Crit 0.0,Crit 1.0 Non Crit 4.1,00 00 00 00,STANDBY,OFF,Cycle 0 Unknown,OFF,OFF,OFF,OFF,0,0,191,0,0,False,0,0,0,0,0,0,0,False,False,OFF,False,False,False,False,False,Closed,0,OFF,OFF,OFF,OFF,1,TimeLevelOption_Disabled,FF,0,0,0,0
10/13/2021,16:00:18:.398,04:00:18 p. m.,.398,Crit 0.0 Non Crit 0.0,21CE188EDA,Crit 0.0 Non Crit 0.0,Crit 1.0 Non Crit 4.1,00 00 00 00,STANDBY,OFF,Cycle 0 Unknown,OFF,OFF,OFF,OFF,0,0,191,0,0,False,0,0,0,0,0,0,0,False,False,OFF,False,False,False,False,False,Closed,0,OFF,OFF,OFF,OFF,1,TimeLevelOption_Disabled,FF,0,0,0,0
10/13/2021,16:00:18:.584,04:00:18 p. m.,.584,Crit 0.0 Non Crit 0.0,21CE188EDA,Crit 0.0 Non Crit 0.0,Crit 1.0 Non Crit 4.1,00 00 00 00,STANDBY,OFF,Cycle 0 Unknown,OFF,OFF,OFF,OFF,0,0,191,0,0,False,0,0,0,0,0,0,0,False,False,OFF,False,False,False,False,False,Closed,0,OFF,OFF,OFF,OFF,1,TimeLevelOption_Disabled,FF,0,0,0,0
10/13/2021,16:00:18:.763,04:00:18 p. m.,.763,Crit 0.0 Non Crit 0.0,21CE188EDA,Crit 0.0 Non Crit 0.0,Crit 1.0 Non Crit 4.1,00 00 00 00,STANDBY,OFF,Cycle 0 Unknown,OFF,OFF,OFF,OFF,0,0,191,0,0,False,0,0,0,0,0,0,0,False,False,OFF,False,False,False,False,False,Closed,0,OFF,OFF,OFF,OFF,1,TimeLevelOption_Disabled,FF,0,0,0,0
10/13/2021,16:00:18:.932,04:00:18 p. m.,.932,Crit 0.0 Non Crit 0.0,21CE188EDA,Crit 0.0 Non Crit 0.0,Crit 1.0 Non Crit 4.1,00 00 00 00,STANDBY,OFF,Cycle 0 Unknown,OFF,OFF,OFF,OFF,0,0,191,0,0,False,0,0,0,0,0,0,0,False,False,OFF,False,False,False,False,False,Closed,0,OFF,OFF,OFF,OFF,1,TimeLevelOption_Disabled,FF,0,0,0,0
10/13/2021,16:00:19:.101,04:00:19 p. m.,.101,Crit 0.0 Non Crit 0.0,21CE188EDA,Crit 0.0 Non Crit 0.0,Crit 1.0 Non Crit 4.1,00 00 00 00,STANDBY,OFF,Cycle 0 Unknown,OFF,OFF,OFF,OFF,0,0,183,0,0,False,0,0,0,0,0,0,0,False,False,OFF,False,False,False,False,False,Closed,0,OFF,OFF,OFF,OFF,1,TimeLevelOption_Disabled,FF,0,0,0,0
10/13/2021,16:00:19:.281,04:00:19 p. m.,.281,Crit 0.0 Non Crit 0.0,21CE188EDA,Crit 0.0 Non Crit 0.0,Crit 1.0 Non Crit 4.1,00 00 00 00,STANDBY,OFF,Cycle 0 Unknown,OFF,OFF,OFF,OFF,0,0,183,0,0,False,0,0,0,0,0,0,0,False,False,OFF,False,False,False,False,False,Closed,0,OFF,OFF,OFF,OFF,1,TimeLevelOption_Disabled,FF,0,0,0,0
10/13/2021,16:00:19:.483,04:00:19 p. m.,.483,Crit 0.0 Non Crit 0.0,21CE188EDA,Crit 0.0 Non Crit 0.0,Crit 1.0 Non Crit 4.1,00 00 00 00,STANDBY,OFF,Cycle 0 Unknown,OFF,OFF,OFF,OFF,0,0,183,0,0,False,0,0,0,0,0,0,0,False,False,OFF,False,False,False,False,False,Closed,0,OFF,OFF,OFF,OFF,1,TimeLevelOption_Disabled,FF,0,0,0,0
10/13/2021,16:00:19:.652,04:00:19 p. m.,.652,Crit 0.0 Non Crit 0.0,21CE188EDA,Crit 0.0 Non Crit 0.0,Crit 1.0 Non Crit 4.1,00 00 00 00,STANDBY,OFF,Cycle 0 Unknown,OFF,OFF,OFF,OFF,0,0,183,0,0,False,0,0,0,0,0,0,0,False,False,OFF,False,False,False,False,False,Closed,0,OFF,OFF,OFF,OFF,1,TimeLevelOption_Disabled,FF,0,0,0,0
10/13/2021,16:00:19:.815,04:00:19 p. m.,.815,Crit 0.0 Non Crit 0.0,21CE188EDA,Crit 0.0 Non Crit 0.0,Crit 1.0 Non Crit 4.1,00 00 00 00,STANDBY,OFF,Cycle 0 Unknown,OFF,OFF,OFF,OFF,0,0,183,0,0,False,0,0,0,0,0,0,0,False,False,OFF,False,False,False,False,False,Closed,0,OFF,OFF,OFF,OFF,1,TimeLevelOption_Disabled,FF,0,0,0,0
10/13/2021,16:00:19:.987,04:00:19 p. m.,.987,Crit 0.0 Non Crit 0.0,21CE188EDA,Crit 0.0 Non Crit 0.0,Crit 1.0 Non Crit 4.1,00 00 00 00,STANDBY,OFF,Cycle 0 Unknown,OFF,OFF,OFF,OFF,0,0,183,0,0,False,0,0,0,0,0,0,0,False,False,OFF,False,False,False,False,False,Closed,0,OFF,OFF,OFF,OFF,1,TimeLevelOption_Disabled,FF,0,0,0,0
10/13/2021,16:00:20:.641,04:00:20 p. m.,.641,Crit 0.0 Non Crit 0.0,21CE188EDA,Crit 0.0 Non Crit 0.0,Crit 1.0 Non Crit 4.1,00 00 00 00,STANDBY,OFF,Cycle 0 Unknown,OFF,OFF,OFF,OFF,0,0,165,0,0,False,0,0,0,0,0,0,0,False,False,OFF,False,False,False,False,False,Closed,0,OFF,OFF,OFF,OFF,1,TimeLevelOption_Disabled,FF,0,0,0,0
10/13/2021,16:00:21:.322,04:00:21 p. m.,.322,Crit 0.0 Non Crit 0.0,21CE188EDA,Crit 0.0 Non Crit 0.0,Crit 1.0 Non Crit 4.1,00 00 00 00,STANDBY,OFF,Cycle 0 Unknown,OFF,OFF,OFF,OFF,0,0,165,0,0,False,0,0,0,0,0,0,0,False,False,OFF,False,False,False,False,False,Closed,0,OFF,OFF,OFF,OFF,1,TimeLevelOption_Disabled,FF,0,0,0,0
10/13/2021,16:00:21:.471,04:00:21 p. m.,.471,Crit 0.0 Non Crit 0.0,21CE188EDA,Crit 0.0 Non Crit 0.0,Crit 1.0 Non Crit 4.1,00 00 00 00,STANDBY,OFF,Cycle 0 Unknown,OFF,OFF,OFF,OFF,0,0,160,0,0,False,0,0,0,0,0,0,0,False,False,OFF,False,False,False,False,False,Closed,0,OFF,OFF,OFF,OFF,1,TimeLevelOption_Disabled,FF,0,0,0,0
10/13/2021,16:00:21:.628,04:00:21 p. m.,.628,Crit 0.0 Non Crit 0.0,21CE188EDA,Crit 0.0 Non Crit 0.0,Crit 1.0 Non Crit 4.1,00 00 00 00,STANDBY,OFF,Cycle 0 Unknown,OFF,OFF,OFF,OFF,0,0,160,0,0,False,0,0,0,0,0,0,0,False,False,OFF,False,False,False,False,False,Closed,0,OFF,OFF,OFF,OFF,1,TimeLevelOption_Disabled,FF,0,0,0,0
10/13/2021,16:00:21:.819,04:00:21 p. m.,.819,Crit 0.0 Non Crit 0.0,21CE188EDA,Crit 0.0 Non Crit 0.0,Crit 1.0 Non Crit 4.1,00 00 00 00,STANDBY,OFF,Cycle 0 Unknown,OFF,OFF,OFF,OFF,0,0,160,0,0,False,0,0,0,0,0,0,0,False,False,OFF,False,False,False,False,False,Closed,0,OFF,OFF,OFF,OFF,1,TimeLevelOption_Disabled,FF,0,0,0,0
10/13/2021,16:00:21:.987,04:00:21 p. m.,.987,Crit 0.0 Non Crit 0.0,21CE188EDA,Crit 0.0 Non Crit 0.0,Crit 1.0 Non Crit 4.1,00 00 00 00,STANDBY,OFF,Cycle 0 Unknown,OFF,OFF,OFF,OFF,0,0,160,0,0,False,0,0,0,0,0,0,0,False,False,OFF,False,False,False,False,False,Closed,0,OFF,OFF,OFF,OFF,1,TimeLevelOption_Disabled,FF,0,0,0,0
10/13/2021,16:00:22:.145,04:00:22 p. m.,.145,Crit 0.0 Non Crit 0.0,21CE188EDA,Crit 0.0 Non Crit 0.0,Crit 1.0 Non Crit 4.1,00 00 00 00,STANDBY,OFF,Cycle 0 Unknown,OFF,OFF,OFF,OFF,0,0,159,0,0,False,0,0,0,0,0,0,0,False,False,OFF,False,False,False,False,False,Closed,0,OFF,OFF,OFF,OFF,1,TimeLevelOption_Disabled,FF,0,0,0,0
10/13/2021,16:00:22:.319,04:00:22 p. m.,.319,Crit 0.0 Non Crit 0.0,21CE188EDA,Crit 0.0 Non Crit 0.0,Crit 1.0 Non Crit 4.1,00 00 00 00,STANDBY,OFF,Cycle 0 Unknown,OFF,OFF,OFF,OFF,0,0,159,0,0,False,0,0,0,0,0,0,0,False,False,OFF,False,False,False,False,False,Closed,0,OFF,OFF,OFF,OFF,1,TimeLevelOption_Disabled,FF,0,0,0,0
10/13/2021,16:00:22:.488,04:00:22 p. m.,.488,Crit 0.0 Non Crit 0.0,21CE188EDA,Crit 0.0 Non Crit 0.0,Crit 1.0 Non Crit 4.1,00 00 00 00,STANDBY,OFF,Cycle 0 Unknown,OFF,OFF,OFF,OFF,0,0,159,0,0,False,0,0,0,0,0,0,0,False,False,OFF,False,False,False,False,False,Closed,0,OFF,OFF,OFF,OFF,1,TimeLevelOption_Disabled,FF,0,0,0,0
10/13/2021,16:00:22:.661,04:00:22 p. m.,.661,Crit 0.0 Non Crit 0.0,21CE188EDA,Crit 0.0 Non Crit 0.0,Crit 1.0 Non Crit 4.1,00 00 00 00,STANDBY,OFF,Cycle 0 Unknown,OFF,OFF,OFF,OFF,0,0,159,0,0,False,0,0,0,0,0,0,0,False,False,OFF,False,False,False,False,False,Closed,0,OFF,OFF,OFF,OFF,1,TimeLevelOption_Disabled,FF,0,0,0,0
10/13/2021,16:00:22:.833,04:00:22 p. m.,.833,Crit 0.0 Non Crit 0.0,21CE188EDA,Crit 0.0 Non Crit 0.0,Crit 1.0 Non Crit 4.1,00 00 00 00,STANDBY,OFF,Cycle 0 Unknown,OFF,OFF,OFF,OFF,0,0,159,0,0,False,0,0,0,0,0,0,0,False,False,OFF,False,False,False,False,False,Closed,0,OFF,OFF,OFF,OFF,1,TimeLevelOption_Disabled,FF,0,0,0,0
10/13/2021,16:00:23:.015,04:00:23 p. m.,.015,Crit 0.0 Non Crit 0.0,21CE188EDA,Crit 0.0 Non Crit 0.0,Crit 1.0 Non Crit 4.1,00 00 00 00,STANDBY,OFF,Cycle 0 Unknown,OFF,OFF,OFF,OFF,0,0,159,0,0,False,0,0,0,0,0,0,0,False,False,OFF,False,False,False,False,False,Closed,0,OFF,OFF,OFF,OFF,1,TimeLevelOption_Disabled,FF,0,0,0,0
10/13/2021,16:00:23:.682,04:00:23 p. m.,.682,Crit 0.0 Non Crit 0.0,21CE188EDA,Crit 0.0 Non Crit 0.0,Crit 1.0 Non Crit 4.1,00 00 00 00,STANDBY,OFF,Cycle 0 Unknown,OFF,OFF,OFF,OFF,0,0,191,0,0,False,0,0,0,0,0,0,0,False,False,OFF,False,False,False,False,False,Closed,0,OFF,OFF,OFF,OFF,1,TimeLevelOption_Disabled,FF,0,0,0,0
10/13/2021,16:00:23:.843,04:00:23 p. m.,.843,Crit 0.0 Non Crit 0.0,21CE188EDA,Crit 0.0 Non Crit 0.0,Crit 1.0 Non Crit 4.1,00 00 00 00,STANDBY,OFF,Cycle 0 Unknown,OFF,OFF,OFF,OFF,0,0,191,0,0,False,0,0,0,0,0,0,0,False,False,OFF,False,False,False,False,False,Closed,0,OFF,OFF,OFF,OFF,1,TimeLevelOption_Disabled,FF,0,0,0,0
10/13/2021,16:00:24:.032,04:00:24 p. m.,.032,Crit 0.0 Non Crit 0.0,21CE188EDA,Crit 0.0 Non Crit 0.0,Crit 1.0 Non Crit 4.1,00 00 00 00,STANDBY,OFF,Cycle 0 Unknown,OFF,OFF,OFF,OFF,0,0,191,0,0,False,0,0,0,0,0,0,0,False,False,OFF,False,False,False,False,False,Closed,0,OFF,OFF,OFF,OFF,1,TimeLevelOption_Disabled,FF,0,0,0,0
10/13/2021,16:00:24:.204,04:00:24 p. m.,.204,Crit 0.0 Non Crit 0.0,21CE188EDA,Crit 0.0 Non Crit 0.0,Crit 1.0 Non Crit 4.1,00 00 00 00,STANDBY,OFF,Cycle 0 Unknown,OFF,OFF,OFF,OFF,0,0,161,0,0,False,0,0,0,0,0,0,0,False,False,OFF,False,False,False,False,False,Closed,0,OFF,OFF,OFF,OFF,1,TimeLevelOption_Disabled,FF,0,0,0,0
10/13/2021,16:00:24:.364,04:00:24 p. m.,.364,Crit 0.0 Non Crit 0.0,21CE188EDA,Crit 0.0 Non Crit 0.0,Crit 1.0 Non Crit 4.1,00 00 00 00,STANDBY,OFF,Cycle 0 Unknown,OFF,OFF,OFF,OFF,0,0,161,0,0,False,0,0,0,0,0,0,0,False,False,OFF,False,False,False,False,False,Closed,0,OFF,OFF,OFF,OFF,1,TimeLevelOption_Disabled,FF,0,0,0,0
10/13/2021,16:00:24:.530,04:00:24 p. m.,.530,Crit 0.0 Non Crit 0.0,21CE188EDA,Crit 0.0 Non Crit 0.0,Crit 1.0 Non Crit 4.1,00 00 00 00,STANDBY,OFF,Cycle 0 Unknown,OFF,OFF,OFF,OFF,0,0,161,0,0,False,0,0,0,0,0,0,0,False,False,OFF,False,False,False,False,False,Closed,0,OFF,OFF,OFF,OFF,1,TimeLevelOption_Disabled,FF,0,0,0,0
10/13/2021,16:00:25:.186,04:00:25 p. m.,.186,Crit 0.0 Non Crit 0.0,21CE188EDA,Crit 0.0 Non Crit 0.0,Crit 1.0 Non Crit 4.1,00 00 00 00,STANDBY,OFF,Cycle 0 Unknown,OFF,OFF,OFF,OFF,0,0,161,0,0,False,0,0,0,0,0,0,0,False,False,OFF,False,False,False,False,False,Closed,0,OFF,OFF,OFF,OFF,1,TimeLevelOption_Disabled,FF,0,0,0,0
10/13/2021,16:00:25:.347,04:00:25 p. m.,.347,Crit 0.0 Non Crit 0.0,21CE188EDA,Crit 0.0 Non Crit 0.0,Crit 1.0 Non Crit 4.1,00 00 00 00,STANDBY,OFF,Cycle 0 Unknown,OFF,OFF,OFF,OFF,0,0,169,0,0,False,0,0,0,0,0,0,0,False,False,OFF,False,False,False,False,False,Closed,0,OFF,OFF,OFF,OFF,1,TimeLevelOption_Disabled,FF,0,0,0,0
10/13/2021,16:00:25:.533,04:00:25 p. m.,.533,Crit 0.0 Non Crit 0.0,21CE188EDA,Crit 0.0 Non Crit 0.0,Crit 1.0 Non Crit 4.1,00 00 00 00,STANDBY,OFF,Cycle 0 Unknown,OFF,OFF,OFF,OFF,0,0,169,0,0,False,0,0,0,0,0,0,0,False,False,OFF,False,False,False,False,False,Closed,0,OFF,OFF,OFF,OFF,1,TimeLevelOption_Disabled,FF,0,0,0,0
10/13/2021,16:00:25:.724,04:00:25 p. m.,.724,Crit 0.0 Non Crit 0.0,21CE188EDA,Crit 0.0 Non Crit 0.0,Crit 1.0 Non Crit 4.1,00 00 00 00,STANDBY,OFF,Cycle 0 Unknown,OFF,OFF,OFF,OFF,0,0,169,0,0,False,0,0,0,0,0,0,0,False,False,OFF,False,False,False,False,False,Closed,0,OFF,OFF,OFF,OFF,1,TimeLevelOption_Disabled,FF,0,0,0,0
10/13/2021,16:00:25:.895,04:00:25 p. m.,.895,Crit 0.0 Non Crit 0.0,21CE188EDA,Crit 0.0 Non Crit 0.0,Crit 1.0 Non Crit 4.1,00 00 00 00,STANDBY,OFF,Cycle 0 Unknown,OFF,OFF,OFF,OFF,0,0,169,0,0,False,0,0,0,0,0,0,0,False,False,OFF,False,False,False,False,False,Closed,0,OFF,OFF,OFF,OFF,1,TimeLevelOption_Disabled,FF,0,0,0,0
10/13/2021,16:00:26:.076,04:00:26 p. m.,.076,Crit 0.0 Non Crit 0.0,21CE188EDA,Crit 0.0 Non Crit 0.0,Crit 1.0 Non Crit 4.1,00 00 00 00,STANDBY,OFF,Cycle 0 Unknown,OFF,OFF,OFF,OFF,0,0,182,0,0,False,0,0,0,0,0,0,0,False,False,OFF,False,False,False,False,False,Closed,0,OFF,OFF,OFF,OFF,1,TimeLevelOption_Disabled,FF,0,0,0,0
10/13/2021,16:00:26:.242,04:00:26 p. m.,.242,Crit 0.0 Non Crit 0.0,21CE188EDA,Crit 0.0 Non Crit 0.0,Crit 1.0 Non Crit 4.1,00 00 00 00,STANDBY,OFF,Cycle 0 Unknown,OFF,OFF,OFF,OFF,0,0,182,0,0,False,0,0,0,0,0,0,0,False,False,OFF,False,False,False,False,False,Closed,0,OFF,OFF,OFF,OFF,1,TimeLevelOption_Disabled,FF,0,0,0,0
10/13/2021,16:00:26:.411,04:00:26 p. m.,.411,Crit 0.0 Non Crit 0.0,21CE188EDA,Crit 0.0 Non Crit 0.0,Crit 1.0 Non Crit 4.1,00 00 00 00,STANDBY,OFF,Cycle 0 Unknown,OFF,OFF,OFF,OFF,0,0,182,0,0,False,0,0,0,0,0,0,0,False,False,OFF,False,False,False,False,False,Closed,0,OFF,OFF,OFF,OFF,1,TimeLevelOption_Disabled,FF,0,0,0,0
10/13/2021,16:00:26:.596,04:00:26 p. m.,.596,Crit 0.0 Non Crit 0.0,21CE188EDA,Crit 0.0 Non Crit 0.0,Crit 1.0 Non Crit 4.1,00 00 00 00,STANDBY,OFF,Cycle 0 Unknown,OFF,OFF,OFF,OFF,0,0,182,0,0,False,0,0,0,0,0,0,0,False,False,OFF,False,False,False,False,False,Closed,0,OFF,OFF,OFF,OFF,1,TimeLevelOption_Disabled,FF,0,0,0,0
10/13/2021,16:00:26:.761,04:00:26 p. m.,.761,Crit 0.0 Non Crit 0.0,21CE188EDA,Crit 0.0 Non Crit 0.0,Crit 1.0 Non Crit 4.1,00 00 00 00,STANDBY,OFF,Cycle 0 Unknown,OFF,OFF,OFF,OFF,0,0,182,0,0,False,0,0,0,0,0,0,0,False,False,OFF,False,False,False,False,False,Closed,0,OFF,OFF,OFF,OFF,1,TimeLevelOption_Disabled,FF,0,0,0,0
10/13/2021,16:00:26:.926,04:00:26 p. m.,.926,Crit 0.0 Non Crit 0.0,21CE188EDA,Crit 0.0 Non Crit 0.0,Crit 1.0 Non Crit 4.1,00 00 00 00,STANDBY,OFF,Cycle 0 Unknown,OFF,OFF,OFF,OFF,0,0,182,0,0,False,0,0,0,0,0,0,0,False,False,OFF,False,False,False,False,False,Closed,0,OFF,OFF,OFF,OFF,1,TimeLevelOption_Disabled,FF,0,0,0,0
10/13/2021,16:00:27:.090,04:00:27 p. m.,.090,Crit 0.0 Non Crit 0.0,21CE188EDA,Crit 0.0 Non Crit 0.0,Crit 1.0 Non Crit 4.1,00 00 00 00,STANDBY,OFF,Cycle 0 Unknown,OFF,OFF,OFF,OFF,0,0,167,0,0,False,0,0,0,0,0,0,0,False,False,OFF,False,False,False,False,False,Closed,0,OFF,OFF,OFF,OFF,1,TimeLevelOption_Disabled,FF,0,0,0,0
10/13/2021,16:00:27:.253,04:00:27 p. m.,.253,Crit 0.0 Non Crit 0.0,21CE188EDA,Crit 0.0 Non Crit 0.0,Crit 1.0 Non Crit 4.1,00 00 00 00,STANDBY,OFF,Cycle 0 Unknown,OFF,OFF,OFF,OFF,0,0,167,0,0,False,0,0,0,0,0,0,0,False,False,OFF,False,False,False,False,False,Closed,0,OFF,OFF,OFF,OFF,1,TimeLevelOption_Disabled,FF,0,0,0,0
10/13/2021,16:00:27:.452,04:00:27 p. m.,.452,Crit 0.0 Non Crit 0.0,21CE188EDA,Crit 0.0 Non Crit 0.0,Crit 1.0 Non Crit 4.1,00 00 00 00,STANDBY,OFF,Cycle 0 Unknown,OFF,OFF,OFF,OFF,0,0,167,0,0,False,0,0,0,0,0,0,0,False,False,OFF,False,False,False,False,False,Closed,0,OFF,OFF,OFF,OFF,1,TimeLevelOption_Disabled,FF,0,0,0,0
10/13/2021,16:00:27:.609,04:00:27 p. m.,.609,Crit 0.0 Non Crit 0.0,21CE188EDA,Crit 0.0 Non Crit 0.0,Crit 1.0 Non Crit 4.1,00 00 00 00,STANDBY,OFF,Cycle 0 Unknown,OFF,OFF,OFF,OFF,0,0,167,0,0,False,0,0,0,0,0,0,0,False,False,OFF,False,False,False,False,False,Closed,0,OFF,OFF,OFF,OFF,1,TimeLevelOption_Disabled,FF,0,0,0,0
10/13/2021,16:00:27:.779,04:00:27 p. m.,.779,Crit 0.0 Non Crit 0.0,21CE188EDA,Crit 0.0 Non Crit 0.0,Crit 1.0 Non Crit 4.1,00 00 00 00,STANDBY,OFF,Cycle 0 Unknown,OFF,OFF,OFF,OFF,0,0,167,0,0,False,0,0,0,0,0,0,0,False,False,OFF,False,False,False,False,False,Closed,0,OFF,OFF,OFF,OFF,1,TimeLevelOption_Disabled,FF,0,0,0,0
10/13/2021,16:00:27:.969,04:00:27 p. m.,.969,Crit 0.0 Non Crit 0.0,21CE188EDA,Crit 0.0 Non Crit 0.0,Crit 1.0 Non Crit 4.1,00 00 00 00,STANDBY,OFF,Cycle 0 Unknown,OFF,OFF,OFF,OFF,0,0,167,0,0,False,0,0,0,0,0,0,0,False,False,OFF,False,False,False,False,False,Closed,0,OFF,OFF,OFF,OFF,1,TimeLevelOption_Disabled,FF,0,0,0,0
10/13/2021,16:00:28:.126,04:00:28 p. m.,.126,Crit 0.0 Non Crit 0.0,21CE188EDA,Crit 0.0 Non Crit 0.0,Crit 1.0 Non Crit 4.1,00 00 00 00,STANDBY,OFF,Cycle 0 Unknown,OFF,OFF,OFF,OFF,0,0,191,0,0,False,0,0,0,0,0,0,0,False,False,OFF,False,False,False,False,False,Closed,0,OFF,OFF,OFF,OFF,1,TimeLevelOption_Disabled,FF,0,0,0,0
10/13/2021,16:00:28:.294,04:00:28 p. m.,.294,Crit 0.0 Non Crit 0.0,21CE188EDA,Crit 0.0 Non Crit 0.0,Crit 1.0 Non Crit 4.1,00 00 00 00,STANDBY,OFF,Cycle 0 Unknown,OFF,OFF,OFF,OFF,0,0,191,0,0,False,0,0,0,0,0,0,0,False,False,OFF,False,False,False,False,False,Closed,0,OFF,OFF,OFF,OFF,1,TimeLevelOption_Disabled,FF,0,0,0,0
10/13/2021,16:00:28:.469,04:00:28 p. m.,.469,Crit 0.0 Non Crit 0.0,21CE188EDA,Crit 0.0 Non Crit 0.0,Crit 1.0 Non Crit 4.1,00 00 00 00,STANDBY,OFF,Cycle 0 Unknown,OFF,OFF,OFF,OFF,0,0,191,0,0,False,0,0,0,0,0,0,0,False,False,OFF,False,False,False,False,False,Closed,0,OFF,OFF,OFF,OFF,1,TimeLevelOption_Disabled,FF,0,0,0,0
10/13/2021,16:00:28:.625,04:00:28 p. m.,.625,Crit 0.0 Non Crit 0.0,21CE188EDA,Crit 0.0 Non Crit 0.0,Crit 1.0 Non Crit 4.1,00 00 00 00,STANDBY,OFF,Cycle 0 Unknown,OFF,OFF,OFF,OFF,0,0,191,0,0,False,0,0,0,0,0,0,0,False,False,OFF,False,False,False,False,False,Closed,0,OFF,OFF,OFF,OFF,1,TimeLevelOption_Disabled,FF,0,0,0,0
10/13/2021,16:00:28:.796,04:00:28 p. m.,.796,Crit 0.0 Non Crit 0.0,21CE188EDA,Crit 0.0 Non Crit 0.0,Crit 1.0 Non Crit 4.1,00 00 00 00,STANDBY,OFF,Cycle 0 Unknown,OFF,OFF,OFF,OFF,0,0,191,0,0,False,0,0,0,0,0,0,0,False,False,OFF,False,False,False,False,False,Closed,0,OFF,OFF,OFF,OFF,1,TimeLevelOption_Disabled,FF,0,0,0,0
10/13/2021,16:00:28:.968,04:00:28 p. m.,.968,Crit 0.0 Non Crit 0.0,21CE188EDA,Crit 0.0 Non Crit 0.0,Crit 1.0 Non Crit 4.1,00 00 00 00,STANDBY,OFF,Cycle 0 Unknown,OFF,OFF,OFF,OFF,0,0,191,0,0,False,0,0,0,0,0,0,0,False,False,OFF,False,False,False,False,False,Closed,0,OFF,OFF,OFF,OFF,1,TimeLevelOption_Disabled,FF,0,0,0,0
10/13/2021,16:00:29:.143,04:00:29 p. m.,.143,Crit 0.0 Non Crit 0.0,21CE188EDA,Crit 0.0 Non Crit 0.0,Crit 1.0 Non Crit 4.1,00 00 00 00,STANDBY,OFF,Cycle 0 Unknown,OFF,OFF,OFF,OFF,0,0,161,0,0,False,0,0,0,0,0,0,0,False,False,OFF,False,False,False,False,False,Closed,0,OFF,OFF,OFF,OFF,1,TimeLevelOption_Disabled,FF,0,0,0,0
10/13/2021,16:00:29:.312,04:00:29 p. m.,.312,Crit 0.0 Non Crit 0.0,21CE188EDA,Crit 0.0 Non Crit 0.0,Crit 1.0 Non Crit 4.1,00 00 00 00,STANDBY,OFF,Cycle 0 Unknown,OFF,OFF,OFF,OFF,0,0,161,0,0,False,0,0,0,0,0,0,0,False,False,OFF,False,False,False,False,False,Closed,0,OFF,OFF,OFF,OFF,1,TimeLevelOption_Disabled,FF,0,0,0,0
10/13/2021,16:00:29:.483,04:00:29 p. m.,.483,Crit 0.0 Non Crit 0.0,21CE188EDA,Crit 0.0 Non Crit 0.0,Crit 1.0 Non Crit 4.1,00 00 00 00,STANDBY,OFF,Cycle 0 Unknown,OFF,OFF,OFF,OFF,0,0,161,0,0,False,0,0,0,0,0,0,0,False,False,OFF,False,False,False,False,False,Closed,0,OFF,OFF,OFF,OFF,1,TimeLevelOption_Disabled,FF,0,0,0,0
10/13/2021,16:00:29:.627,04:00:29 p. m.,.627,Crit 0.0 Non Crit 0.0,21CE188EDA,Crit 0.0 Non Crit 0.0,Crit 1.0 Non Crit 4.1,00 00 00 00,STANDBY,OFF,Cycle 0 Unknown,OFF,OFF,OFF,OFF,0,0,161,0,0,False,0,0,0,0,0,0,0,False,False,OFF,False,False,False,False,False,Closed,0,OFF,OFF,OFF,OFF,1,TimeLevelOption_Disabled,FF,0,0,0,0
10/13/2021,16:00:29:.806,04:00:29 p. m.,.806,Crit 0.0 Non Crit 0.0,21CE188EDA,Crit 0.0 Non Crit 0.0,Crit 1.0 Non Crit 4.1,00 00 00 00,STANDBY,OFF,Cycle 0 Unknown,OFF,OFF,OFF,OFF,0,0,161,0,0,False,0,0,0,0,0,0,0,False,False,OFF,False,False,False,False,False,Closed,0,OFF,OFF,OFF,OFF,1,TimeLevelOption_Disabled,FF,0,0,0,0
10/13/2021,16:00:30:.002,04:00:30 p. m.,.002,Crit 0.0 Non Crit 0.0,21CE188EDA,Crit 0.0 Non Crit 0.0,Crit 1.0 Non Crit 4.1,00 00 00 00,STANDBY,OFF,Cycle 0 Unknown,OFF,OFF,OFF,OFF,0,0,161,0,0,False,0,0,0,0,0,0,0,False,False,OFF,False,False,False,False,False,Closed,0,OFF,OFF,OFF,OFF,1,TimeLevelOption_Disabled,FF,0,0,0,0
10/13/2021,16:00:30:.177,04:00:30 p. m.,.177,Crit 0.0 Non Crit 0.0,21CE188EDA,Crit 0.0 Non Crit 0.0,Crit 1.0 Non Crit 4.1,00 00 00 00,STANDBY,OFF,Cycle 0 Unknown,OFF,OFF,OFF,OFF,0,0,190,0,0,False,0,0,0,0,0,0,0,False,False,OFF,False,False,False,False,False,Closed,0,OFF,OFF,OFF,OFF,1,TimeLevelOption_Disabled,FF,0,0,0,0
10/13/2021,16:00:30:.341,04:00:30 p. m.,.341,Crit 0.0 Non Crit 0.0,21CE188EDA,Crit 0.0 Non Crit 0.0,Crit 1.0 Non Crit 4.1,00 00 00 00,STANDBY,OFF,Cycle 0 Unknown,OFF,OFF,OFF,OFF,0,0,190,0,0,False,0,0,0,0,0,0,0,False,False,OFF,False,False,False,False,False,Closed,0,OFF,OFF,OFF,OFF,1,TimeLevelOption_Disabled,FF,0,0,0,0
10/13/2021,16:00:30:.527,04:00:30 p. m.,.527,Crit 0.0 Non Crit 0.0,21CE188EDA,Crit 0.0 Non Crit 0.0,Crit 1.0 Non Crit 4.1,00 00 00 00,STANDBY,OFF,Cycle 0 Unknown,OFF,OFF,OFF,OFF,0,0,190,0,0,False,0,0,0,0,0,0,0,False,False,OFF,False,False,False,False,False,Closed,0,OFF,OFF,OFF,OFF,1,TimeLevelOption_Disabled,FF,0,0,0,0
10/13/2021,16:00:30:.717,04:00:30 p. m.,.717,Crit 0.0 Non Crit 0.0,21CE188EDA,Crit 0.0 Non Crit 0.0,Crit 1.0 Non Crit 4.1,00 00 00 00,STANDBY,OFF,Cycle 0 Unknown,OFF,OFF,OFF,OFF,0,0,190,0,0,False,0,0,0,0,0,0,0,False,False,OFF,False,False,False,False,False,Closed,0,OFF,OFF,OFF,OFF,1,TimeLevelOption_Disabled,FF,0,0,0,0
10/13/2021,16:00:30:.904,04:00:30 p. m.,.904,Crit 0.0 Non Crit 0.0,21CE188EDA,Crit 0.0 Non Crit 0.0,Crit 1.0 Non Crit 4.1,00 00 00 00,STANDBY,OFF,Cycle 0 Unknown,OFF,OFF,OFF,OFF,0,0,190,0,0,False,0,0,0,0,0,0,0,False,False,OFF,False,False,False,False,False,Closed,0,OFF,OFF,OFF,OFF,1,TimeLevelOption_Disabled,FF,0,0,0,0
10/13/2021,16:00:31:.049,04:00:31 p. m.,.049,Crit 0.0 Non Crit 0.0,21CE188EDA,Crit 0.0 Non Crit 0.0,Crit 1.0 Non Crit 4.1,00 00 00 00,STANDBY,OFF,Cycle 0 Unknown,OFF,OFF,OFF,OFF,0,0,161,0,0,False,0,0,0,0,0,0,0,False,False,OFF,False,False,False,False,False,Closed,0,OFF,OFF,OFF,OFF,1,TimeLevelOption_Disabled,FF,0,0,0,0
10/13/2021,16:00:31:.217,04:00:31 p. m.,.217,Crit 0.0 Non Crit 0.0,21CE188EDA,Crit 0.0 Non Crit 0.0,Crit 1.0 Non Crit 4.1,00 00 00 00,STANDBY,OFF,Cycle 0 Unknown,OFF,OFF,OFF,OFF,0,0,161,0,0,False,0,0,0,0,0,0,0,False,False,OFF,False,False,False,False,False,Closed,0,OFF,OFF,OFF,OFF,1,TimeLevelOption_Disabled,FF,0,0,0,0
10/13/2021,16:00:31:.404,04:00:31 p. m.,.404,Crit 0.0 Non Crit 0.0,21CE188EDA,Crit 0.0 Non Crit 0.0,Crit 1.0 Non Crit 4.1,00 00 00 00,STANDBY,OFF,Cycle 0 Unknown,OFF,OFF,OFF,OFF,0,0,161,0,0,False,0,0,0,0,0,0,0,False,False,OFF,False,False,False,False,False,Closed,0,OFF,OFF,OFF,OFF,1,TimeLevelOption_Disabled,FF,0,0,0,0
10/13/2021,16:00:31:.602,04:00:31 p. m.,.602,Crit 0.0 Non Crit 0.0,21CE188EDA,Crit 0.0 Non Crit 0.0,Crit 1.0 Non Crit 4.1,00 00 00 00,STANDBY,OFF,Cycle 0 Unknown,OFF,OFF,OFF,OFF,0,0,161,0,0,False,0,0,0,0,0,0,0,False,False,OFF,False,False,False,False,False,Closed,0,OFF,OFF,OFF,OFF,1,TimeLevelOption_Disabled,FF,0,0,0,0
10/13/2021,16:00:31:.773,04:00:31 p. m.,.773,Crit 0.0 Non Crit 0.0,21CE188EDA,Crit 0.0 Non Crit 0.0,Crit 1.0 Non Crit 4.1,00 00 00 00,STANDBY,OFF,Cycle 0 Unknown,OFF,OFF,OFF,OFF,0,0,161,0,0,False,0,0,0,0,0,0,0,False,False,OFF,False,False,False,False,False,Closed,0,OFF,OFF,OFF,OFF,1,TimeLevelOption_Disabled,FF,0,0,0,0
10/13/2021,16:00:31:.934,04:00:31 p. m.,.934,Crit 0.0 Non Crit 0.0,21CE188EDA,Crit 0.0 Non Crit 0.0,Crit 1.0 Non Crit 4.1,00 00 00 00,STANDBY,OFF,Cycle 0 Unknown,OFF,OFF,OFF,OFF,0,0,161,0,0,False,0,0,0,0,0,0,0,False,False,OFF,False,False,False,False,False,Closed,0,OFF,OFF,OFF,OFF,1,TimeLevelOption_Disabled,FF,0,0,0,0
10/13/2021,16:00:32:.110,04:00:32 p. m.,.110,Crit 0.0 Non Crit 0.0,21CE188EDA,Crit 0.0 Non Crit 0.0,Crit 1.0 Non Crit 4.1,00 00 00 00,STANDBY,OFF,Cycle 0 Unknown,OFF,OFF,OFF,OFF,0,0,166,0,0,False,0,0,0,0,0,0,0,False,False,OFF,False,False,False,False,False,Closed,0,OFF,OFF,OFF,OFF,1,TimeLevelOption_Disabled,FF,0,0,0,0
10/13/2021,16:00:32:.292,04:00:32 p. m.,.292,Crit 0.0 Non Crit 0.0,21CE188EDA,Crit 0.0 Non Crit 0.0,Crit 1.0 Non Crit 4.1,00 00 00 00,STANDBY,OFF,Cycle 0 Unknown,OFF,OFF,OFF,OFF,0,0,166,0,0,False,0,0,0,0,0,0,0,False,False,OFF,False,False,False,False,False,Closed,0,OFF,OFF,OFF,OFF,1,TimeLevelOption_Disabled,FF,0,0,0,0
10/13/2021,16:00:32:.452,04:00:32 p. m.,.452,Crit 0.0 Non Crit 0.0,21CE188EDA,Crit 0.0 Non Crit 0.0,Crit 1.0 Non Crit 4.1,00 00 00 00,STANDBY,OFF,Cycle 0 Unknown,OFF,OFF,OFF,OFF,0,0,166,0,0,False,0,0,0,0,0,0,0,False,False,OFF,False,False,False,False,False,Closed,0,OFF,OFF,OFF,OFF,1,TimeLevelOption_Disabled,FF,0,0,0,0
10/13/2021,16:00:32:.644,04:00:32 p. m.,.644,Crit 0.0 Non Crit 0.0,21CE188EDA,Crit 0.0 Non Crit 0.0,Crit 1.0 Non Crit 4.1,00 00 00 00,STANDBY,OFF,Cycle 0 Unknown,OFF,OFF,OFF,OFF,0,0,166,0,0,False,0,0,0,0,0,0,0,False,False,OFF,False,False,False,False,False,Closed,0,OFF,OFF,OFF,OFF,1,TimeLevelOption_Disabled,FF,0,0,0,0
10/13/2021,16:00:32:.811,04:00:32 p. m.,.811,Crit 0.0 Non Crit 0.0,21CE188EDA,Crit 0.0 Non Crit 0.0,Crit 1.0 Non Crit 4.1,00 00 00 00,STANDBY,OFF,Cycle 0 Unknown,OFF,OFF,OFF,OFF,0,0,166,0,0,False,0,0,0,0,0,0,0,False,False,OFF,False,False,False,False,False,Closed,0,OFF,OFF,OFF,OFF,1,TimeLevelOption_Disabled,FF,0,0,0,0
10/13/2021,16:00:32:.992,04:00:32 p. m.,.992,Crit 0.0 Non Crit 0.0,21CE188EDA,Crit 0.0 Non Crit 0.0,Crit 1.0 Non Crit 4.1,00 00 00 00,STANDBY,OFF,Cycle 0 Unknown,OFF,OFF,OFF,OFF,0,0,166,0,0,False,0,0,0,0,0,0,0,False,False,OFF,False,False,False,False,False,Closed,0,OFF,OFF,OFF,OFF,1,TimeLevelOption_Disabled,FF,0,0,0,0
10/13/2021,16:00:33:.151,04:00:33 p. m.,.151,Crit 0.0 Non Crit 0.0,21CE188EDA,Crit 0.0 Non Crit 0.0,Crit 1.0 Non Crit 4.1,00 00 00 00,STANDBY,OFF,Cycle 0 Unknown,OFF,OFF,OFF,OFF,0,0,159,0,0,False,0,0,0,0,0,0,0,False,False,OFF,False,False,False,False,False,Closed,0,OFF,OFF,OFF,OFF,1,TimeLevelOption_Disabled,FF,0,0,0,0
10/13/2021,16:00:33:.342,04:00:33 p. m.,.342,Crit 0.0 Non Crit 0.0,21CE188EDA,Crit 0.0 Non Crit 0.0,Crit 1.0 Non Crit 4.1,00 00 00 00,STANDBY,OFF,Cycle 0 Unknown,OFF,OFF,OFF,OFF,0,0,159,0,0,False,0,0,0,0,0,0,0,False,False,OFF,False,False,False,False,False,Closed,0,OFF,OFF,OFF,OFF,1,TimeLevelOption_Disabled,FF,0,0,0,0
10/13/2021,16:00:33:.523,04:00:33 p. m.,.523,Crit 0.0 Non Crit 0.0,21CE188EDA,Crit 0.0 Non Crit 0.0,Crit 1.0 Non Crit 4.1,00 00 00 00,STANDBY,OFF,Cycle 0 Unknown,OFF,OFF,OFF,OFF,0,0,159,0,0,False,0,0,0,0,0,0,0,False,False,OFF,False,False,False,False,False,Closed,0,OFF,OFF,OFF,OFF,1,TimeLevelOption_Disabled,FF,0,0,0,0
10/13/2021,16:00:33:.701,04:00:33 p. m.,.701,Crit 0.0 Non Crit 0.0,21CE188EDA,Crit 0.0 Non Crit 0.0,Crit 1.0 Non Crit 4.1,00 00 00 00,STANDBY,OFF,Cycle 0 Unknown,OFF,OFF,OFF,OFF,0,0,159,0,0,False,0,0,0,0,0,0,0,False,False,OFF,False,False,False,False,False,Closed,0,OFF,OFF,OFF,OFF,1,TimeLevelOption_Disabled,FF,0,0,0,0
10/13/2021,16:00:33:.874,04:00:33 p. m.,.874,Crit 0.0 Non Crit 0.0,21CE188EDA,Crit 0.0 Non Crit 0.0,Crit 1.0 Non Crit 4.1,00 00 00 00,STANDBY,OFF,Cycle 0 Unknown,OFF,OFF,OFF,OFF,0,0,159,0,0,False,0,0,0,0,0,0,0,False,False,OFF,False,False,False,False,False,Closed,0,OFF,OFF,OFF,OFF,1,TimeLevelOption_Disabled,FF,0,0,0,0
10/13/2021,16:00:34:.056,04:00:34 p. m.,.056,Crit 0.0 Non Crit 0.0,21CE188EDA,Crit 0.0 Non Crit 0.0,Crit 1.0 Non Crit 4.1,00 00 00 00,STANDBY,OFF,Cycle 0 Unknown,OFF,OFF,OFF,OFF,0,0,191,0,0,False,0,0,0,0,0,0,0,False,False,OFF,False,False,False,False,False,Closed,0,OFF,OFF,OFF,OFF,1,TimeLevelOption_Disabled,FF,0,0,0,0
10/13/2021,16:00:34:.234,04:00:34 p. m.,.234,Crit 0.0 Non Crit 0.0,21CE188EDA,Crit 0.0 Non Crit 0.0,Crit 1.0 Non Crit 4.1,00 00 00 00,STANDBY,OFF,Cycle 0 Unknown,OFF,OFF,OFF,OFF,0,0,191,0,0,False,0,0,0,0,0,0,0,False,False,OFF,False,False,False,False,False,Closed,0,OFF,OFF,OFF,OFF,1,TimeLevelOption_Disabled,FF,0,0,0,0
10/13/2021,16:00:34:.405,04:00:34 p. m.,.405,Crit 0.0 Non Crit 0.0,21CE188EDA,Crit 0.0 Non Crit 0.0,Crit 1.0 Non Crit 4.1,00 00 00 00,STANDBY,OFF,Cycle 0 Unknown,OFF,OFF,OFF,OFF,0,0,191,0,0,False,0,0,0,0,0,0,0,False,False,OFF,False,False,False,False,False,Closed,0,OFF,OFF,OFF,OFF,1,TimeLevelOption_Disabled,FF,0,0,0,0
10/13/2021,16:00:34:.589,04:00:34 p. m.,.589,Crit 0.0 Non Crit 0.0,21CE188EDA,Crit 0.0 Non Crit 0.0,Crit 1.0 Non Crit 4.1,00 00 00 00,STANDBY,OFF,Cycle 0 Unknown,OFF,OFF,OFF,OFF,0,0,191,0,0,False,0,0,0,0,0,0,0,False,False,OFF,False,False,False,False,False,Closed,0,OFF,OFF,OFF,OFF,1,TimeLevelOption_Disabled,FF,0,0,0,0
10/13/2021,16:00:34:.766,04:00:34 p. m.,.766,Crit 0.0 Non Crit 0.0,21CE188EDA,Crit 0.0 Non Crit 0.0,Crit 1.0 Non Crit 4.1,00 00 00 00,STANDBY,OFF,Cycle 0 Unknown,OFF,OFF,OFF,OFF,0,0,191,0,0,False,0,0,0,0,0,0,0,False,False,OFF,False,False,False,False,False,Closed,0,OFF,OFF,OFF,OFF,1,TimeLevelOption_Disabled,FF,0,0,0,0
10/13/2021,16:00:34:.950,04:00:34 p. m.,.950,Crit 0.0 Non Crit 0.0,21CE188EDA,Crit 0.0 Non Crit 0.0,Crit 1.0 Non Crit 4.1,00 00 00 00,STANDBY,OFF,Cycle 0 Unknown,OFF,OFF,OFF,OFF,0,0,191,0,0,False,0,0,0,0,0,0,0,False,False,OFF,False,False,False,False,False,Closed,0,OFF,OFF,OFF,OFF,1,TimeLevelOption_Disabled,FF,0,0,0,0
10/13/2021,16:00:35:.134,04:00:35 p. m.,.134,Crit 0.0 Non Crit 0.0,21CE188EDA,Crit 0.0 Non Crit 0.0,Crit 1.0 Non Crit 4.1,00 00 00 00,STANDBY,OFF,Cycle 0 Unknown,OFF,OFF,OFF,OFF,0,0,161,0,0,False,0,0,0,0,0,0,0,False,False,OFF,False,False,False,False,False,Closed,0,OFF,OFF,OFF,OFF,1,TimeLevelOption_Disabled,FF,0,0,0,0
10/13/2021,16:00:35:.296,04:00:35 p. m.,.296,Crit 0.0 Non Crit 0.0,21CE188EDA,Crit 0.0 Non Crit 0.0,Crit 1.0 Non Crit 4.1,00 00 00 00,STANDBY,OFF,Cycle 0 Unknown,OFF,OFF,OFF,OFF,0,0,161,0,0,False,0,0,0,0,0,0,0,False,False,OFF,False,False,False,False,False,Closed,0,OFF,OFF,OFF,OFF,1,TimeLevelOption_Disabled,FF,0,0,0,0
10/13/2021,16:00:36:.460,04:00:36 p. m.,.460,Crit 0.0 Non Crit 0.0,21CE188EDA,Crit 0.0 Non Crit 0.0,Crit 1.0 Non Crit 4.1,00 00 00 00,STANDBY,OFF,Cycle 0 Unknown,OFF,OFF,OFF,OFF,0,0,161,0,0,False,0,0,0,0,0,0,0,False,False,OFF,False,False,False,False,False,Closed,0,OFF,OFF,OFF,OFF,1,TimeLevelOption_Disabled,FF,0,0,0,0
10/13/2021,16:00:36:.638,04:00:36 p. m.,.638,Crit 0.0 Non Crit 0.0,21CE188EDA,Crit 0.0 Non Crit 0.0,Crit 1.0 Non Crit 4.1,00 00 00 00,STANDBY,OFF,Cycle 0 Unknown,OFF,OFF,OFF,OFF,0,0,167,0,0,False,0,0,0,0,0,0,0,False,False,OFF,False,False,False,False,False,Closed,0,OFF,OFF,OFF,OFF,1,TimeLevelOption_Disabled,FF,0,0,0,0
10/13/2021,16:00:36:.807,04:00:36 p. m.,.807,Crit 0.0 Non Crit 0.0,21CE188EDA,Crit 0.0 Non Crit 0.0,Crit 1.0 Non Crit 4.1,00 00 00 00,STANDBY,OFF,Cycle 0 Unknown,OFF,OFF,OFF,OFF,0,0,167,0,0,False,0,0,0,0,0,0,0,False,False,OFF,False,False,False,False,False,Closed,0,OFF,OFF,OFF,OFF,1,TimeLevelOption_Disabled,FF,0,0,0,0
10/13/2021,16:00:36:.986,04:00:36 p. m.,.986,Crit 0.0 Non Crit 0.0,21CE188EDA,Crit 0.0 Non Crit 0.0,Crit 1.0 Non Crit 4.1,00 00 00 00,STANDBY,OFF,Cycle 0 Unknown,OFF,OFF,OFF,OFF,0,0,167,0,0,False,0,0,0,0,0,0,0,False,False,OFF,False,False,False,False,False,Closed,0,OFF,OFF,OFF,OFF,1,TimeLevelOption_Disabled,FF,0,0,0,0
10/13/2021,16:00:37:.150,04:00:37 p. m.,.150,Crit 0.0 Non Crit 0.0,21CE188EDA,Crit 0.0 Non Crit 0.0,Crit 1.0 Non Crit 4.1,00 00 00 00,STANDBY,OFF,Cycle 0 Unknown,OFF,OFF,OFF,OFF,0,0,183,0,0,False,0,0,0,0,0,0,0,False,False,OFF,False,False,False,False,False,Closed,0,OFF,OFF,OFF,OFF,1,TimeLevelOption_Disabled,FF,0,0,0,0
10/13/2021,16:00:37:.317,04:00:37 p. m.,.317,Crit 0.0 Non Crit 0.0,21CE188EDA,Crit 0.0 Non Crit 0.0,Crit 1.0 Non Crit 4.1,00 00 00 00,STANDBY,OFF,Cycle 0 Unknown,OFF,OFF,OFF,OFF,0,0,183,0,0,False,0,0,0,0,0,0,0,False,False,OFF,False,False,False,False,False,Closed,0,OFF,OFF,OFF,OFF,1,TimeLevelOption_Disabled,FF,0,0,0,0
10/13/2021,16:00:37:.485,04:00:37 p. m.,.485,Crit 0.0 Non Crit 0.0,21CE188EDA,Crit 0.0 Non Crit 0.0,Crit 1.0 Non Crit 4.1,00 00 00 00,STANDBY,OFF,Cycle 0 Unknown,OFF,OFF,OFF,OFF,0,0,183,0,0,False,0,0,0,0,0,0,0,False,False,OFF,False,False,False,False,False,Closed,0,OFF,OFF,OFF,OFF,1,TimeLevelOption_Disabled,FF,0,0,0,0
10/13/2021,16:00:37:.649,04:00:37 p. m.,.649,Crit 0.0 Non Crit 0.0,21CE188EDA,Crit 0.0 Non Crit 0.0,Crit 1.0 Non Crit 4.1,00 00 00 00,STANDBY,OFF,Cycle 0 Unknown,OFF,OFF,OFF,OFF,0,0,183,0,0,False,0,0,0,0,0,0,0,False,False,OFF,False,False,False,False,False,Closed,0,OFF,OFF,OFF,OFF,1,TimeLevelOption_Disabled,FF,0,0,0,0
10/13/2021,16:00:37:.853,04:00:37 p. m.,.853,Crit 0.0 Non Crit 0.0,21CE188EDA,Crit 0.0 Non Crit 0.0,Crit 1.0 Non Crit 4.1,00 00 00 00,STANDBY,OFF,Cycle 0 Unknown,OFF,OFF,OFF,OFF,0,0,183,0,0,False,0,0,0,0,0,0,0,False,False,OFF,False,False,False,False,False,Closed,0,OFF,OFF,OFF,OFF,1,TimeLevelOption_Disabled,FF,0,0,0,0
10/13/2021,16:00:38:.022,04:00:38 p. m.,.022,Crit 0.0 Non Crit 0.0,21CE188EDA,Crit 0.0 Non Crit 0.0,Crit 1.0 Non Crit 4.1,00 00 00 00,STANDBY,OFF,Cycle 0 Unknown,OFF,OFF,OFF,OFF,0,0,183,0,0,False,0,0,0,0,0,0,0,False,False,OFF,False,False,False,False,False,Closed,0,OFF,OFF,OFF,OFF,1,TimeLevelOption_Disabled,FF,0,0,0,0
10/13/2021,16:00:38:.180,04:00:38 p. m.,.180,Crit 0.0 Non Crit 0.0,21CE188EDA,Crit 0.0 Non Crit 0.0,Crit 1.0 Non Crit 4.1,00 00 00 00,STANDBY,OFF,Cycle 0 Unknown,OFF,OFF,OFF,OFF,0,0,168,0,0,False,0,0,0,0,0,0,0,False,False,OFF,False,False,False,False,False,Closed,0,OFF,OFF,OFF,OFF,1,TimeLevelOption_Disabled,FF,0,0,0,0
10/13/2021,16:00:38:.838,04:00:38 p. m.,.838,Crit 0.0 Non Crit 0.0,21CE188EDA,Crit 0.0 Non Crit 0.0,Crit 1.0 Non Crit 4.1,00 00 00 00,STANDBY,OFF,Cycle 0 Unknown,OFF,OFF,OFF,OFF,0,0,168,0,0,False,0,0,0,0,0,0,0,False,False,OFF,False,False,False,False,False,Closed,0,OFF,OFF,OFF,OFF,1,TimeLevelOption_Disabled,FF,0,0,0,0
10/13/2021,16:00:39:.035,04:00:39 p. m.,.035,Crit 0.0 Non Crit 0.0,21CE188EDA,Crit 0.0 Non Crit 0.0,Crit 1.0 Non Crit 4.1,00 00 00 00,STANDBY,OFF,Cycle 0 Unknown,OFF,OFF,OFF,OFF,0,0,168,0,0,False,0,0,0,0,0,0,0,False,False,OFF,False,False,False,False,False,Closed,0,OFF,OFF,OFF,OFF,1,TimeLevelOption_Disabled,FF,0,0,0,0
10/13/2021,16:00:39:.200,04:00:39 p. m.,.200,Crit 0.0 Non Crit 0.0,21CE188EDA,Crit 0.0 Non Crit 0.0,Crit 1.0 Non Crit 4.1,00 00 00 00,STANDBY,OFF,Cycle 0 Unknown,OFF,OFF,OFF,OFF,0,0,190,0,0,False,0,0,0,0,0,0,0,False,False,OFF,False,False,False,False,False,Closed,0,OFF,OFF,OFF,OFF,1,TimeLevelOption_Disabled,FF,0,0,0,0
10/13/2021,16:00:39:.361,04:00:39 p. m.,.361,Crit 0.0 Non Crit 0.0,21CE188EDA,Crit 0.0 Non Crit 0.0,Crit 1.0 Non Crit 4.1,00 00 00 00,STANDBY,OFF,Cycle 0 Unknown,OFF,OFF,OFF,OFF,0,0,190,0,0,False,0,0,0,0,0,0,0,False,False,OFF,False,False,False,False,False,Closed,0,OFF,OFF,OFF,OFF,1,TimeLevelOption_Disabled,FF,0,0,0,0
10/13/2021,16:00:39:.552,04:00:39 p. m.,.552,Crit 0.0 Non Crit 0.0,21CE188EDA,Crit 0.0 Non Crit 0.0,Crit 1.0 Non Crit 4.1,00 00 00 00,STANDBY,OFF,Cycle 0 Unknown,OFF,OFF,OFF,OFF,0,0,190,0,0,False,0,0,0,0,0,0,0,False,False,OFF,False,False,False,False,False,Closed,0,OFF,OFF,OFF,OFF,1,TimeLevelOption_Disabled,FF,0,0,0,0
10/13/2021,16:00:39:.736,04:00:39 p. m.,.736,Crit 0.0 Non Crit 0.0,21CE188EDA,Crit 0.0 Non Crit 0.0,Crit 1.0 Non Crit 4.1,00 00 00 00,STANDBY,OFF,Cycle 0 Unknown,OFF,OFF,OFF,OFF,0,0,190,0,0,False,0,0,0,0,0,0,0,False,False,OFF,False,False,False,False,False,Closed,0,OFF,OFF,OFF,OFF,1,TimeLevelOption_Disabled,FF,0,0,0,0
10/13/2021,16:00:39:.902,04:00:39 p. m.,.902,Crit 0.0 Non Crit 0.0,21CE188EDA,Crit 0.0 Non Crit 0.0,Crit 1.0 Non Crit 4.1,00 00 00 00,STANDBY,OFF,Cycle 0 Unknown,OFF,OFF,OFF,OFF,0,0,190,0,0,False,0,0,0,0,0,0,0,False,False,OFF,False,False,False,False,False,Closed,0,OFF,OFF,OFF,OFF,1,TimeLevelOption_Disabled,FF,0,0,0,0
10/13/2021,16:00:40:.085,04:00:40 p. m.,.085,Crit 0.0 Non Crit 0.0,21CE188EDA,Crit 0.0 Non Crit 0.0,Crit 1.0 Non Crit 4.1,00 00 00 00,STANDBY,OFF,Cycle 0 Unknown,OFF,OFF,OFF,OFF,0,0,160,0,0,False,0,0,0,0,0,0,0,False,False,OFF,False,False,False,False,False,Closed,0,OFF,OFF,OFF,OFF,1,TimeLevelOption_Disabled,FF,0,0,0,0
10/13/2021,16:00:40:.267,04:00:40 p. m.,.267,Crit 0.0 Non Crit 0.0,21CE188EDA,Crit 0.0 Non Crit 0.0,Crit 1.0 Non Crit 4.1,00 00 00 00,STANDBY,OFF,Cycle 0 Unknown,OFF,OFF,OFF,OFF,0,0,160,0,0,False,0,0,0,0,0,0,0,False,False,OFF,False,False,False,False,False,Closed,0,OFF,OFF,OFF,OFF,1,TimeLevelOption_Disabled,FF,0,0,0,0
10/13/2021,16:00:40:.447,04:00:40 p. m.,.447,Crit 0.0 Non Crit 0.0,21CE188EDA,Crit 0.0 Non Crit 0.0,Crit 1.0 Non Crit 4.1,00 00 00 00,STANDBY,OFF,Cycle 0 Unknown,OFF,OFF,OFF,OFF,0,0,160,0,0,False,0,0,0,0,0,0,0,False,False,OFF,False,False,False,False,False,Closed,0,OFF,OFF,OFF,OFF,1,TimeLevelOption_Disabled,FF,0,0,0,0
10/13/2021,16:00:40:.614,04:00:40 p. m.,.614,Crit 0.0 Non Crit 0.0,21CE188EDA,Crit 0.0 Non Crit 0.0,Crit 1.0 Non Crit 4.1,00 00 00 00,STANDBY,OFF,Cycle 0 Unknown,OFF,OFF,OFF,OFF,0,0,160,0,0,False,0,0,0,0,0,0,0,False,False,OFF,False,False,False,False,False,Closed,0,OFF,OFF,OFF,OFF,1,TimeLevelOption_Disabled,FF,0,0,0,0
10/13/2021,16:00:40:.801,04:00:40 p. m.,.801,Crit 0.0 Non Crit 0.0,21CE188EDA,Crit 0.0 Non Crit 0.0,Crit 1.0 Non Crit 4.1,00 00 00 00,STANDBY,OFF,Cycle 0 Unknown,OFF,OFF,OFF,OFF,0,0,160,0,0,False,0,0,0,0,0,0,0,False,False,OFF,False,False,False,False,False,Closed,0,OFF,OFF,OFF,OFF,1,TimeLevelOption_Disabled,FF,0,0,0,0
10/13/2021,16:00:41:.502,04:00:41 p. m.,.502,Crit 0.0 Non Crit 0.0,21CE188EDA,Crit 0.0 Non Crit 0.0,Crit 1.0 Non Crit 4.1,00 00 00 00,STANDBY,OFF,Cycle 0 Unknown,OFF,OFF,OFF,OFF,0,0,160,0,0,False,0,0,0,0,0,0,0,False,False,OFF,False,False,False,False,False,Closed,0,OFF,OFF,OFF,OFF,1,TimeLevelOption_Disabled,FF,0,0,0,0
10/13/2021,16:00:41:.671,04:00:41 p. m.,.671,Crit 0.0 Non Crit 0.0,21CE188EDA,Crit 0.0 Non Crit 0.0,Crit 1.0 Non Crit 4.1,00 00 00 00,STANDBY,OFF,Cycle 0 Unknown,OFF,OFF,OFF,OFF,0,0,191,0,0,False,0,0,0,0,0,0,0,False,False,OFF,False,False,False,False,False,Closed,0,OFF,OFF,OFF,OFF,1,TimeLevelOption_Disabled,FF,0,0,0,0
10/13/2021,16:00:41:.834,04:00:41 p. m.,.834,Crit 0.0 Non Crit 0.0,21CE188EDA,Crit 0.0 Non Crit 0.0,Crit 1.0 Non Crit 4.1,00 00 00 00,STANDBY,OFF,Cycle 0 Unknown,OFF,OFF,OFF,OFF,0,0,191,0,0,False,0,0,0,0,0,0,0,False,False,OFF,False,False,False,False,False,Closed,0,OFF,OFF,OFF,OFF,1,TimeLevelOption_Disabled,FF,0,0,0,0
10/13/2021,16:00:42:.010,04:00:42 p. m.,.010,Crit 0.0 Non Crit 0.0,21CE188EDA,Crit 0.0 Non Crit 0.0,Crit 1.0 Non Crit 4.1,00 00 00 00,STANDBY,OFF,Cycle 0 Unknown,OFF,OFF,OFF,OFF,0,0,191,0,0,False,0,0,0,0,0,0,0,False,False,OFF,False,False,False,False,False,Closed,0,OFF,OFF,OFF,OFF,1,TimeLevelOption_Disabled,FF,0,0,0,0
10/13/2021,16:00:42:.180,04:00:42 p. m.,.180,Crit 0.0 Non Crit 0.0,21CE188EDA,Crit 0.0 Non Crit 0.0,Crit 1.0 Non Crit 4.1,00 00 00 00,STANDBY,OFF,Cycle 0 Unknown,OFF,OFF,OFF,OFF,0,0,162,0,0,False,0,0,0,0,0,0,0,False,False,OFF,False,False,False,False,False,Closed,0,OFF,OFF,OFF,OFF,1,TimeLevelOption_Disabled,FF,0,0,0,0
10/13/2021,16:00:42:.375,04:00:42 p. m.,.375,Crit 0.0 Non Crit 0.0,21CE188EDA,Crit 0.0 Non Crit 0.0,Crit 1.0 Non Crit 4.1,00 00 00 00,STANDBY,OFF,Cycle 0 Unknown,OFF,OFF,OFF,OFF,0,0,162,0,0,False,0,0,0,0,0,0,0,False,False,OFF,False,False,False,False,False,Closed,0,OFF,OFF,OFF,OFF,1,TimeLevelOption_Disabled,FF,0,0,0,0
10/13/2021,16:00:43:.053,04:00:43 p. m.,.053,Crit 0.0 Non Crit 0.0,21CE188EDA,Crit 0.0 Non Crit 0.0,Crit 1.0 Non Crit 4.1,00 00 00 00,STANDBY,OFF,Cycle 0 Unknown,OFF,OFF,OFF,OFF,0,0,162,0,0,False,0,0,0,0,0,0,0,False,False,OFF,False,False,False,False,False,Closed,0,OFF,OFF,OFF,OFF,1,TimeLevelOption_Disabled,FF,0,0,0,0
10/13/2021,16:00:43:.218,04:00:43 p. m.,.218,Crit 0.0 Non Crit 0.0,21CE188EDA,Crit 0.0 Non Crit 0.0,Crit 1.0 Non Crit 4.1,00 00 00 00,STANDBY,OFF,Cycle 0 Unknown,OFF,OFF,OFF,OFF,0,0,158,0,0,False,0,0,0,0,0,0,0,False,False,OFF,False,False,False,False,False,Closed,0,OFF,OFF,OFF,OFF,1,TimeLevelOption_Disabled,FF,0,0,0,0
10/13/2021,16:00:43:.387,04:00:43 p. m.,.387,Crit 0.0 Non Crit 0.0,21CE188EDA,Crit 0.0 Non Crit 0.0,Crit 1.0 Non Crit 4.1,00 00 00 00,STANDBY,OFF,Cycle 0 Unknown,OFF,OFF,OFF,OFF,0,0,158,0,0,False,0,0,0,0,0,0,0,False,False,OFF,False,False,False,False,False,Closed,0,OFF,OFF,OFF,OFF,1,TimeLevelOption_Disabled,FF,0,0,0,0
10/13/2021,16:00:43:.550,04:00:43 p. m.,.550,Crit 0.0 Non Crit 0.0,21CE188EDA,Crit 0.0 Non Crit 0.0,Crit 1.0 Non Crit 4.1,00 00 00 00,STANDBY,OFF,Cycle 0 Unknown,OFF,OFF,OFF,OFF,0,0,158,0,0,False,0,0,0,0,0,0,0,False,False,OFF,False,False,False,False,False,Closed,0,OFF,OFF,OFF,OFF,1,TimeLevelOption_Disabled,FF,0,0,0,0
10/13/2021,16:00:43:.728,04:00:43 p. m.,.728,Crit 0.0 Non Crit 0.0,21CE188EDA,Crit 0.0 Non Crit 0.0,Crit 1.0 Non Crit 4.1,00 00 00 00,STANDBY,OFF,Cycle 0 Unknown,OFF,OFF,OFF,OFF,0,0,158,0,0,False,0,0,0,0,0,0,0,False,False,OFF,False,False,False,False,False,Closed,0,OFF,OFF,OFF,OFF,1,TimeLevelOption_Disabled,FF,0,0,0,0
10/13/2021,16:00:43:.925,04:00:43 p. m.,.925,Crit 0.0 Non Crit 0.0,21CE188EDA,Crit 0.0 Non Crit 0.0,Crit 1.0 Non Crit 4.1,00 00 00 00,STANDBY,OFF,Cycle 0 Unknown,OFF,OFF,OFF,OFF,0,0,158,0,0,False,0,0,0,0,0,0,0,False,False,OFF,False,False,False,False,False,Closed,0,OFF,OFF,OFF,OFF,1,TimeLevelOption_Disabled,FF,0,0,0,0
10/13/2021,16:00:44:.083,04:00:44 p. m.,.083,Crit 0.0 Non Crit 0.0,21CE188EDA,Crit 0.0 Non Crit 0.0,Crit 1.0 Non Crit 4.1,00 00 00 00,STANDBY,OFF,Cycle 0 Unknown,OFF,OFF,OFF,OFF,0,0,177,0,0,False,0,0,0,0,0,0,0,False,False,OFF,False,False,False,False,False,Closed,0,OFF,OFF,OFF,OFF,1,TimeLevelOption_Disabled,FF,0,0,0,0
10/13/2021,16:00:44:.262,04:00:44 p. m.,.262,Crit 0.0 Non Crit 0.0,21CE188EDA,Crit 0.0 Non Crit 0.0,Crit 1.0 Non Crit 4.1,00 00 00 00,STANDBY,OFF,Cycle 0 Unknown,OFF,OFF,OFF,OFF,0,0,177,0,0,False,0,0,0,0,0,0,0,False,False,OFF,False,False,False,False,False,Closed,0,OFF,OFF,OFF,OFF,1,TimeLevelOption_Disabled,FF,0,0,0,0
10/13/2021,16:00:44:.450,04:00:44 p. m.,.450,Crit 0.0 Non Crit 0.0,21CE188EDA,Crit 0.0 Non Crit 0.0,Crit 1.0 Non Crit 4.1,00 00 00 00,STANDBY,OFF,Cycle 0 Unknown,OFF,OFF,OFF,OFF,0,0,177,0,0,False,0,0,0,0,0,0,0,False,False,OFF,False,False,False,False,False,Closed,0,OFF,OFF,OFF,OFF,1,TimeLevelOption_Disabled,FF,0,0,0,0
10/13/2021,16:00:44:.613,04:00:44 p. m.,.613,Crit 0.0 Non Crit 0.0,21CE188EDA,Crit 0.0 Non Crit 0.0,Crit 1.0 Non Crit 4.1,00 00 00 00,STANDBY,OFF,Cycle 0 Unknown,OFF,OFF,OFF,OFF,0,0,177,0,0,False,0,0,0,0,0,0,0,False,False,OFF,False,False,False,False,False,Closed,0,OFF,OFF,OFF,OFF,1,TimeLevelOption_Disabled,FF,0,0,0,0
10/13/2021,16:00:45:.304,04:00:45 p. m.,.304,Crit 0.0 Non Crit 0.0,21CE188EDA,Crit 0.0 Non Crit 0.0,Crit 1.0 Non Crit 4.1,00 00 00 00,STANDBY,OFF,Cycle 0 Unknown,OFF,OFF,OFF,OFF,0,0,177,0,0,False,0,0,0,0,0,0,0,False,False,OFF,False,False,False,False,False,Closed,0,OFF,OFF,OFF,OFF,1,TimeLevelOption_Disabled,FF,0,0,0,0
10/13/2021,16:00:45:.488,04:00:45 p. m.,.488,Crit 0.0 Non Crit 0.0,21CE188EDA,Crit 0.0 Non Crit 0.0,Crit 1.0 Non Crit 4.1,00 00 00 00,STANDBY,OFF,Cycle 0 Unknown,OFF,OFF,OFF,OFF,0,0,166,0,0,False,0,0,0,0,0,0,0,False,False,OFF,False,False,False,False,False,Closed,0,OFF,OFF,OFF,OFF,1,TimeLevelOption_Disabled,FF,0,0,0,0
10/13/2021,16:00:45:.646,04:00:45 p. m.,.646,Crit 0.0 Non Crit 0.0,21CE188EDA,Crit 0.0 Non Crit 0.0,Crit 1.0 Non Crit 4.1,00 00 00 00,STANDBY,OFF,Cycle 0 Unknown,OFF,OFF,OFF,OFF,0,0,166,0,0,False,0,0,0,0,0,0,0,False,False,OFF,False,False,False,False,False,Closed,0,OFF,OFF,OFF,OFF,1,TimeLevelOption_Disabled,FF,0,0,0,0
10/13/2021,16:00:45:.834,04:00:45 p. m.,.834,Crit 0.0 Non Crit 0.0,21CE188EDA,Crit 0.0 Non Crit 0.0,Crit 1.0 Non Crit 4.1,00 00 00 00,STANDBY,OFF,Cycle 0 Unknown,OFF,OFF,OFF,OFF,0,0,166,0,0,False,0,0,0,0,0,0,0,False,False,OFF,False,False,False,False,False,Closed,0,OFF,OFF,OFF,OFF,1,TimeLevelOption_Disabled,FF,0,0,0,0
10/13/2021,16:00:46:.012,04:00:46 p. m.,.012,Crit 0.0 Non Crit 0.0,21CE188EDA,Crit 0.0 Non Crit 0.0,Crit 1.0 Non Crit 4.1,00 00 00 00,STANDBY,OFF,Cycle 0 Unknown,OFF,OFF,OFF,OFF,0,0,166,0,0,False,0,0,0,0,0,0,0,False,False,OFF,False,False,False,False,False,Closed,0,OFF,OFF,OFF,OFF,1,TimeLevelOption_Disabled,FF,0,0,0,0
10/13/2021,16:00:46:.220,04:00:46 p. m.,.220,Crit 0.0 Non Crit 0.0,21CE188EDA,Crit 0.0 Non Crit 0.0,Crit 1.0 Non Crit 4.1,00 00 00 00,STANDBY,OFF,Cycle 0 Unknown,OFF,OFF,OFF,OFF,0,0,190,0,0,False,0,0,0,0,0,0,0,False,False,OFF,False,False,False,False,False,Closed,0,OFF,OFF,OFF,OFF,1,TimeLevelOption_Disabled,FF,0,0,0,0
10/13/2021,16:00:46:.399,04:00:46 p. m.,.399,Crit 0.0 Non Crit 0.0,21CE188EDA,Crit 0.0 Non Crit 0.0,Crit 1.0 Non Crit 4.1,00 00 00 00,STANDBY,OFF,Cycle 0 Unknown,OFF,OFF,OFF,OFF,0,0,190,0,0,False,0,0,0,0,0,0,0,False,False,OFF,False,False,False,False,False,Closed,0,OFF,OFF,OFF,OFF,1,TimeLevelOption_Disabled,FF,0,0,0,0
10/13/2021,16:00:46:.582,04:00:46 p. m.,.582,Crit 0.0 Non Crit 0.0,21CE188EDA,Crit 0.0 Non Crit 0.0,Crit 1.0 Non Crit 4.1,00 00 00 00,STANDBY,OFF,Cycle 0 Unknown,OFF,OFF,OFF,OFF,0,0,190,0,0,False,0,0,0,0,0,0,0,False,False,OFF,False,False,False,False,False,Closed,0,OFF,OFF,OFF,OFF,1,TimeLevelOption_Disabled,FF,0,0,0,0
10/13/2021,16:00:46:.741,04:00:46 p. m.,.741,Crit 0.0 Non Crit 0.0,21CE188EDA,Crit 0.0 Non Crit 0.0,Crit 1.0 Non Crit 4.1,00 00 00 00,STANDBY,OFF,Cycle 0 Unknown,OFF,OFF,OFF,OFF,0,0,190,0,0,False,0,0,0,0,0,0,0,False,False,OFF,False,False,False,False,False,Closed,0,OFF,OFF,OFF,OFF,1,TimeLevelOption_Disabled,FF,0,0,0,0
10/13/2021,16:00:46:.911,04:00:46 p. m.,.911,Crit 0.0 Non Crit 0.0,21CE188EDA,Crit 0.0 Non Crit 0.0,Crit 1.0 Non Crit 4.1,00 00 00 00,STANDBY,OFF,Cycle 0 Unknown,OFF,OFF,OFF,OFF,0,0,190,0,0,False,0,0,0,0,0,0,0,False,False,OFF,False,False,False,False,False,Closed,0,OFF,OFF,OFF,OFF,1,TimeLevelOption_Disabled,FF,0,0,0,0
10/13/2021,16:00:47:.075,04:00:47 p. m.,.075,Crit 0.0 Non Crit 0.0,21CE188EDA,Crit 0.0 Non Crit 0.0,Crit 1.0 Non Crit 4.1,00 00 00 00,STANDBY,OFF,Cycle 0 Unknown,OFF,OFF,OFF,OFF,0,0,161,0,0,False,0,0,0,0,0,0,0,False,False,OFF,False,False,False,False,False,Closed,0,OFF,OFF,OFF,OFF,1,TimeLevelOption_Disabled,FF,0,0,0,0
10/13/2021,16:00:47:.738,04:00:47 p. m.,.738,Crit 0.0 Non Crit 0.0,21CE188EDA,Crit 0.0 Non Crit 0.0,Crit 1.0 Non Crit 4.1,00 00 00 00,STANDBY,OFF,Cycle 0 Unknown,OFF,OFF,OFF,OFF,0,0,161,0,0,False,0,0,0,0,0,0,0,False,False,OFF,False,False,False,False,False,Closed,0,OFF,OFF,OFF,OFF,1,TimeLevelOption_Disabled,FF,0,0,0,0
10/13/2021,16:00:47:.899,04:00:47 p. m.,.899,Crit 0.0 Non Crit 0.0,21CE188EDA,Crit 0.0 Non Crit 0.0,Crit 1.0 Non Crit 4.1,00 00 00 00,STANDBY,OFF,Cycle 0 Unknown,OFF,OFF,OFF,OFF,0,0,161,0,0,False,0,0,0,0,0,0,0,False,False,OFF,False,False,False,False,False,Closed,0,OFF,OFF,OFF,OFF,1,TimeLevelOption_Disabled,FF,0,0,0,0
10/13/2021,16:00:48:.065,04:00:48 p. m.,.065,Crit 0.0 Non Crit 0.0,21CE188EDA,Crit 0.0 Non Crit 0.0,Crit 1.0 Non Crit 4.1,00 00 00 00,STANDBY,OFF,Cycle 0 Unknown,OFF,OFF,OFF,OFF,0,0,168,0,0,False,0,0,0,0,0,0,0,False,False,OFF,False,False,False,False,False,Closed,0,OFF,OFF,OFF,OFF,1,TimeLevelOption_Disabled,FF,0,0,0,0
10/13/2021,16:00:48:.236,04:00:48 p. m.,.236,Crit 0.0 Non Crit 0.0,21CE188EDA,Crit 0.0 Non Crit 0.0,Crit 1.0 Non Crit 4.1,00 00 00 00,STANDBY,OFF,Cycle 0 Unknown,OFF,OFF,OFF,OFF,0,0,168,0,0,False,0,0,0,0,0,0,0,False,False,OFF,False,False,False,False,False,Closed,0,OFF,OFF,OFF,OFF,1,TimeLevelOption_Disabled,FF,0,0,0,0
10/13/2021,16:00:48:.391,04:00:48 p. m.,.391,Crit 0.0 Non Crit 0.0,21CE188EDA,Crit 0.0 Non Crit 0.0,Crit 1.0 Non Crit 4.1,00 00 00 00,STANDBY,OFF,Cycle 0 Unknown,OFF,OFF,OFF,OFF,0,0,168,0,0,False,0,0,0,0,0,0,0,False,False,OFF,False,False,False,False,False,Closed,0,OFF,OFF,OFF,OFF,1,TimeLevelOption_Disabled,FF,0,0,0,0
10/13/2021,16:00:48:.590,04:00:48 p. m.,.590,Crit 0.0 Non Crit 0.0,21CE188EDA,Crit 0.0 Non Crit 0.0,Crit 1.0 Non Crit 4.1,00 00 00 00,STANDBY,OFF,Cycle 0 Unknown,OFF,OFF,OFF,OFF,0,0,168,0,0,False,0,0,0,0,0,0,0,False,False,OFF,False,False,False,False,False,Closed,0,OFF,OFF,OFF,OFF,1,TimeLevelOption_Disabled,FF,0,0,0,0
10/13/2021,16:00:48:.762,04:00:48 p. m.,.762,Crit 0.0 Non Crit 0.0,21CE188EDA,Crit 0.0 Non Crit 0.0,Crit 1.0 Non Crit 4.1,00 00 00 00,STANDBY,OFF,Cycle 0 Unknown,OFF,OFF,OFF,OFF,0,0,168,0,0,False,0,0,0,0,0,0,0,False,False,OFF,False,False,False,False,False,Closed,0,OFF,OFF,OFF,OFF,1,TimeLevelOption_Disabled,FF,0,0,0,0
10/13/2021,16:00:48:.928,04:00:48 p. m.,.928,Crit 0.0 Non Crit 0.0,21CE188EDA,Crit 0.0 Non Crit 0.0,Crit 1.0 Non Crit 4.1,00 00 00 00,STANDBY,OFF,Cycle 0 Unknown,OFF,OFF,OFF,OFF,0,0,168,0,0,False,0,0,0,0,0,0,0,False,False,OFF,False,False,False,False,False,Closed,0,OFF,OFF,OFF,OFF,1,TimeLevelOption_Disabled,FF,0,0,0,0
10/13/2021,16:00:49:.094,04:00:49 p. m.,.094,Crit 0.0 Non Crit 0.0,21CE188EDA,Crit 0.0 Non Crit 0.0,Crit 1.0 Non Crit 4.1,00 00 00 00,STANDBY,OFF,Cycle 0 Unknown,OFF,OFF,OFF,OFF,0,0,159,0,0,False,0,0,0,0,0,0,0,False,False,OFF,False,False,False,False,False,Closed,0,OFF,OFF,OFF,OFF,1,TimeLevelOption_Disabled,FF,0,0,0,0
10/13/2021,16:00:49:.254,04:00:49 p. m.,.254,Crit 0.0 Non Crit 0.0,21CE188EDA,Crit 0.0 Non Crit 0.0,Crit 1.0 Non Crit 4.1,00 00 00 00,STANDBY,OFF,Cycle 0 Unknown,OFF,OFF,OFF,OFF,0,0,159,0,0,False,0,0,0,0,0,0,0,False,False,OFF,False,False,False,False,False,Closed,0,OFF,OFF,OFF,OFF,1,TimeLevelOption_Disabled,FF,0,0,0,0
10/13/2021,16:00:49:.409,04:00:49 p. m.,.409,Crit 0.0 Non Crit 0.0,21CE188EDA,Crit 0.0 Non Crit 0.0,Crit 1.0 Non Crit 4.1,00 00 00 00,STANDBY,OFF,Cycle 0 Unknown,OFF,OFF,OFF,OFF,0,0,159,0,0,False,0,0,0,0,0,0,0,False,False,OFF,False,False,False,False,False,Closed,0,OFF,OFF,OFF,OFF,1,TimeLevelOption_Disabled,FF,0,0,0,0
10/13/2021,16:00:49:.582,04:00:49 p. m.,.582,Crit 0.0 Non Crit 0.0,21CE188EDA,Crit 0.0 Non Crit 0.0,Crit 1.0 Non Crit 4.1,00 00 00 00,STANDBY,OFF,Cycle 0 Unknown,OFF,OFF,OFF,OFF,0,0,159,0,0,False,0,0,0,0,0,0,0,False,False,OFF,False,False,False,False,False,Closed,0,OFF,OFF,OFF,OFF,1,TimeLevelOption_Disabled,FF,0,0,0,0
10/13/2021,16:00:49:.773,04:00:49 p. m.,.773,Crit 0.0 Non Crit 0.0,21CE188EDA,Crit 0.0 Non Crit 0.0,Crit 1.0 Non Crit 4.1,00 00 00 00,STANDBY,OFF,Cycle 0 Unknown,OFF,OFF,OFF,OFF,0,0,159,0,0,False,0,0,0,0,0,0,0,False,False,OFF,False,False,False,False,False,Closed,0,OFF,OFF,OFF,OFF,1,TimeLevelOption_Disabled,FF,0,0,0,0
10/13/2021,16:00:49:.965,04:00:49 p. m.,.965,Crit 0.0 Non Crit 0.0,21CE188EDA,Crit 0.0 Non Crit 0.0,Crit 1.0 Non Crit 4.1,00 00 00 00,STANDBY,OFF,Cycle 0 Unknown,OFF,OFF,OFF,OFF,0,0,159,0,0,False,0,0,0,0,0,0,0,False,False,OFF,False,False,False,False,False,Closed,0,OFF,OFF,OFF,OFF,1,TimeLevelOption_Disabled,FF,0,0,0,0
10/13/2021,16:00:50:.128,04:00:50 p. m.,.128,Crit 0.0 Non Crit 0.0,21CE188EDA,Crit 0.0 Non Crit 0.0,Crit 1.0 Non Crit 4.1,00 00 00 00,STANDBY,OFF,Cycle 0 Unknown,OFF,OFF,OFF,OFF,0,0,165,0,0,False,0,0,0,0,0,0,0,False,False,OFF,False,False,False,False,False,Closed,0,OFF,OFF,OFF,OFF,1,TimeLevelOption_Disabled,FF,0,0,0,0
10/13/2021,16:00:50:.296,04:00:50 p. m.,.296,Crit 0.0 Non Crit 0.0,21CE188EDA,Crit 0.0 Non Crit 0.0,Crit 1.0 Non Crit 4.1,00 00 00 00,STANDBY,OFF,Cycle 0 Unknown,OFF,OFF,OFF,OFF,0,0,165,0,0,False,0,0,0,0,0,0,0,False,False,OFF,False,False,False,False,False,Closed,0,OFF,OFF,OFF,OFF,1,TimeLevelOption_Disabled,FF,0,0,0,0
10/13/2021,16:00:50:.469,04:00:50 p. m.,.469,Crit 0.0 Non Crit 0.0,21CE188EDA,Crit 0.0 Non Crit 0.0,Crit 1.0 Non Crit 4.1,00 00 00 00,STANDBY,OFF,Cycle 0 Unknown,OFF,OFF,OFF,OFF,0,0,165,0,0,False,0,0,0,0,0,0,0,False,False,OFF,False,False,False,False,False,Closed,0,OFF,OFF,OFF,OFF,1,TimeLevelOption_Disabled,FF,0,0,0,0
10/13/2021,16:00:50:.647,04:00:50 p. m.,.647,Crit 0.0 Non Crit 0.0,21CE188EDA,Crit 0.0 Non Crit 0.0,Crit 1.0 Non Crit 4.1,00 00 00 00,STANDBY,OFF,Cycle 0 Unknown,OFF,OFF,OFF,OFF,0,0,165,0,0,False,0,0,0,0,0,0,0,False,False,OFF,False,False,False,False,False,Closed,0,OFF,OFF,OFF,OFF,1,TimeLevelOption_Disabled,FF,0,0,0,0
10/13/2021,16:00:50:.792,04:00:50 p. m.,.792,Crit 0.0 Non Crit 0.0,21CE188EDA,Crit 0.0 Non Crit 0.0,Crit 1.0 Non Crit 4.1,00 00 00 00,STANDBY,OFF,Cycle 0 Unknown,OFF,OFF,OFF,OFF,0,0,165,0,0,False,0,0,0,0,0,0,0,False,False,OFF,False,False,False,False,False,Closed,0,OFF,OFF,OFF,OFF,1,TimeLevelOption_Disabled,FF,0,0,0,0
10/13/2021,16:00:50:.967,04:00:50 p. m.,.967,Crit 0.0 Non Crit 0.0,21CE188EDA,Crit 0.0 Non Crit 0.0,Crit 1.0 Non Crit 4.1,00 00 00 00,STANDBY,OFF,Cycle 0 Unknown,OFF,OFF,OFF,OFF,0,0,165,0,0,False,0,0,0,0,0,0,0,False,False,OFF,False,False,False,False,False,Closed,0,OFF,OFF,OFF,OFF,1,TimeLevelOption_Disabled,FF,0,0,0,0
10/13/2021,16:00:51:.134,04:00:51 p. m.,.134,Crit 0.0 Non Crit 0.0,21CE188EDA,Crit 0.0 Non Crit 0.0,Crit 1.0 Non Crit 4.1,00 00 00 00,STANDBY,OFF,Cycle 0 Unknown,OFF,OFF,OFF,OFF,0,0,162,0,0,False,0,0,0,0,0,0,0,False,False,OFF,False,False,False,False,False,Closed,0,OFF,OFF,OFF,OFF,1,TimeLevelOption_Disabled,FF,0,0,0,0
10/13/2021,16:00:51:.315,04:00:51 p. m.,.315,Crit 0.0 Non Crit 0.0,21CE188EDA,Crit 0.0 Non Crit 0.0,Crit 1.0 Non Crit 4.1,00 00 00 00,STANDBY,OFF,Cycle 0 Unknown,OFF,OFF,OFF,OFF,0,0,162,0,0,False,0,0,0,0,0,0,0,False,False,OFF,False,False,False,False,False,Closed,0,OFF,OFF,OFF,OFF,1,TimeLevelOption_Disabled,FF,0,0,0,0
10/13/2021,16:00:51:.483,04:00:51 p. m.,.483,Crit 0.0 Non Crit 0.0,21CE188EDA,Crit 0.0 Non Crit 0.0,Crit 1.0 Non Crit 4.1,00 00 00 00,STANDBY,OFF,Cycle 0 Unknown,OFF,OFF,OFF,OFF,0,0,162,0,0,False,0,0,0,0,0,0,0,False,False,OFF,False,False,False,False,False,Closed,0,OFF,OFF,OFF,OFF,1,TimeLevelOption_Disabled,FF,0,0,0,0
10/13/2021,16:00:51:.658,04:00:51 p. m.,.658,Crit 0.0 Non Crit 0.0,21CE188EDA,Crit 0.0 Non Crit 0.0,Crit 1.0 Non Crit 4.1,00 00 00 00,STANDBY,OFF,Cycle 0 Unknown,OFF,OFF,OFF,OFF,0,0,162,0,0,False,0,0,0,0,0,0,0,False,False,OFF,False,False,False,False,False,Closed,0,OFF,OFF,OFF,OFF,1,TimeLevelOption_Disabled,FF,0,0,0,0
10/13/2021,16:00:51:.834,04:00:51 p. m.,.834,Crit 0.0 Non Crit 0.0,21CE188EDA,Crit 0.0 Non Crit 0.0,Crit 1.0 Non Crit 4.1,00 00 00 00,STANDBY,OFF,Cycle 0 Unknown,OFF,OFF,OFF,OFF,0,0,162,0,0,False,0,0,0,0,0,0,0,False,False,OFF,False,False,False,False,False,Closed,0,OFF,OFF,OFF,OFF,1,TimeLevelOption_Disabled,FF,0,0,0,0
10/13/2021,16:00:52:.025,04:00:52 p. m.,.025,Crit 0.0 Non Crit 0.0,21CE188EDA,Crit 0.0 Non Crit 0.0,Crit 1.0 Non Crit 4.1,00 00 00 00,STANDBY,OFF,Cycle 0 Unknown,OFF,OFF,OFF,OFF,0,0,162,0,0,False,0,0,0,0,0,0,0,False,False,OFF,False,False,False,False,False,Closed,0,OFF,OFF,OFF,OFF,1,TimeLevelOption_Disabled,FF,0,0,0,0
10/13/2021,16:00:52:.199,04:00:52 p. m.,.199,Crit 0.0 Non Crit 0.0,21CE188EDA,Crit 0.0 Non Crit 0.0,Crit 1.0 Non Crit 4.1,00 00 00 00,STANDBY,OFF,Cycle 0 Unknown,OFF,OFF,OFF,OFF,0,0,169,0,0,False,0,0,0,0,0,0,0,False,False,OFF,False,False,False,False,False,Closed,0,OFF,OFF,OFF,OFF,1,TimeLevelOption_Disabled,FF,0,0,0,0
10/13/2021,16:00:52:.882,04:00:52 p. m.,.882,Crit 0.0 Non Crit 0.0,21CE188EDA,Crit 0.0 Non Crit 0.0,Crit 1.0 Non Crit 4.1,00 00 00 00,STANDBY,OFF,Cycle 0 Unknown,OFF,OFF,OFF,OFF,0,0,169,0,0,False,0,0,0,0,0,0,0,False,False,OFF,False,False,False,False,False,Closed,0,OFF,OFF,OFF,OFF,1,TimeLevelOption_Disabled,FF,0,0,0,0
10/13/2021,16:00:53:.062,04:00:53 p. m.,.062,Crit 0.0 Non Crit 0.0,21CE188EDA,Crit 0.0 Non Crit 0.0,Crit 1.0 Non Crit 4.1,00 00 00 00,STANDBY,OFF,Cycle 0 Unknown,OFF,OFF,OFF,OFF,0,0,169,0,0,False,0,0,0,0,0,0,0,False,False,OFF,False,False,False,False,False,Closed,0,OFF,OFF,OFF,OFF,1,TimeLevelOption_Disabled,FF,0,0,0,0
10/13/2021,16:00:53:.254,04:00:53 p. m.,.254,Crit 0.0 Non Crit 0.0,21CE188EDA,Crit 0.0 Non Crit 0.0,Crit 1.0 Non Crit 4.1,00 00 00 00,STANDBY,OFF,Cycle 0 Unknown,OFF,OFF,OFF,OFF,0,0,166,0,0,False,0,0,0,0,0,0,0,False,False,OFF,False,False,False,False,False,Closed,0,OFF,OFF,OFF,OFF,1,TimeLevelOption_Disabled,FF,0,0,0,0
10/13/2021,16:00:53:.432,04:00:53 p. m.,.432,Crit 0.0 Non Crit 0.0,21CE188EDA,Crit 0.0 Non Crit 0.0,Crit 1.0 Non Crit 4.1,00 00 00 00,STANDBY,OFF,Cycle 0 Unknown,OFF,OFF,OFF,OFF,0,0,166,0,0,False,0,0,0,0,0,0,0,False,False,OFF,False,False,False,False,False,Closed,0,OFF,OFF,OFF,OFF,1,TimeLevelOption_Disabled,FF,0,0,0,0
10/13/2021,16:00:53:.597,04:00:53 p. m.,.597,Crit 0.0 Non Crit 0.0,21CE188EDA,Crit 0.0 Non Crit 0.0,Crit 1.0 Non Crit 4.1,00 00 00 00,STANDBY,OFF,Cycle 0 Unknown,OFF,OFF,OFF,OFF,0,0,166,0,0,False,0,0,0,0,0,0,0,False,False,OFF,False,False,False,False,False,Closed,0,OFF,OFF,OFF,OFF,1,TimeLevelOption_Disabled,FF,0,0,0,0
10/13/2021,16:00:53:.760,04:00:53 p. m.,.760,Crit 0.0 Non Crit 0.0,21CE188EDA,Crit 0.0 Non Crit 0.0,Crit 1.0 Non Crit 4.1,00 00 00 00,STANDBY,OFF,Cycle 0 Unknown,OFF,OFF,OFF,OFF,0,0,166,0,0,False,0,0,0,0,0,0,0,False,False,OFF,False,False,False,False,False,Closed,0,OFF,OFF,OFF,OFF,1,TimeLevelOption_Disabled,FF,0,0,0,0
10/13/2021,16:00:54:.460,04:00:54 p. m.,.460,Crit 0.0 Non Crit 0.0,21CE188EDA,Crit 0.0 Non Crit 0.0,Crit 1.0 Non Crit 4.1,00 00 00 00,STANDBY,OFF,Cycle 0 Unknown,OFF,OFF,OFF,OFF,0,0,166,0,0,False,0,0,0,0,0,0,0,False,False,OFF,False,False,False,False,False,Closed,0,OFF,OFF,OFF,OFF,1,TimeLevelOption_Disabled,FF,0,0,0,0
10/13/2021,16:00:54:.623,04:00:54 p. m.,.623,Crit 0.0 Non Crit 0.0,21CE188EDA,Crit 0.0 Non Crit 0.0,Crit 1.0 Non Crit 4.1,00 00 00 00,STANDBY,OFF,Cycle 0 Unknown,OFF,OFF,OFF,OFF,0,0,159,0,0,False,0,0,0,0,0,0,0,False,False,OFF,False,False,False,False,False,Closed,0,OFF,OFF,OFF,OFF,1,TimeLevelOption_Disabled,FF,0,0,0,0
10/13/2021,16:00:54:.795,04:00:54 p. m.,.795,Crit 0.0 Non Crit 0.0,21CE188EDA,Crit 0.0 Non Crit 0.0,Crit 1.0 Non Crit 4.1,00 00 00 00,STANDBY,OFF,Cycle 0 Unknown,OFF,OFF,OFF,OFF,0,0,159,0,0,False,0,0,0,0,0,0,0,False,False,OFF,False,False,False,False,False,Closed,0,OFF,OFF,OFF,OFF,1,TimeLevelOption_Disabled,FF,0,0,0,0
10/13/2021,16:00:54:.965,04:00:54 p. m.,.965,Crit 0.0 Non Crit 0.0,21CE188EDA,Crit 0.0 Non Crit 0.0,Crit 1.0 Non Crit 4.1,00 00 00 00,STANDBY,OFF,Cycle 0 Unknown,OFF,OFF,OFF,OFF,0,0,159,0,0,False,0,0,0,0,0,0,0,False,False,OFF,False,False,False,False,False,Closed,0,OFF,OFF,OFF,OFF,1,TimeLevelOption_Disabled,FF,0,0,0,0
10/13/2021,16:00:55:.635,04:00:55 p. m.,.635,Crit 0.0 Non Crit 0.0,21CE188EDA,Crit 0.0 Non Crit 0.0,Crit 1.0 Non Crit 4.1,00 00 00 00,STANDBY,OFF,Cycle 0 Unknown,OFF,OFF,OFF,OFF,0,0,192,0,0,False,0,0,0,0,0,0,0,False,False,OFF,False,False,False,False,False,Closed,0,OFF,OFF,OFF,OFF,1,TimeLevelOption_Disabled,FF,0,0,0,0
10/13/2021,16:00:55:.828,04:00:55 p. m.,.828,Crit 0.0 Non Crit 0.0,21CE188EDA,Crit 0.0 Non Crit 0.0,Crit 1.0 Non Crit 4.1,00 00 00 00,STANDBY,OFF,Cycle 0 Unknown,OFF,OFF,OFF,OFF,0,0,192,0,0,False,0,0,0,0,0,0,0,False,False,OFF,False,False,False,False,False,Closed,0,OFF,OFF,OFF,OFF,1,TimeLevelOption_Disabled,FF,0,0,0,0
10/13/2021,16:00:56:.502,04:00:56 p. m.,.502,Crit 0.0 Non Crit 0.0,21CE188EDA,Crit 0.0 Non Crit 0.0,Crit 1.0 Non Crit 4.1,00 00 00 00,STANDBY,OFF,Cycle 0 Unknown,OFF,OFF,OFF,OFF,0,0,192,0,0,False,0,0,0,0,0,0,0,False,False,OFF,False,False,False,False,False,Closed,0,OFF,OFF,OFF,OFF,1,TimeLevelOption_Disabled,FF,0,0,0,0
10/13/2021,16:00:56:.679,04:00:56 p. m.,.679,Crit 0.0 Non Crit 0.0,21CE188EDA,Crit 0.0 Non Crit 0.0,Crit 1.0 Non Crit 4.1,00 00 00 00,STANDBY,OFF,Cycle 0 Unknown,OFF,OFF,OFF,OFF,0,0,161,0,0,False,0,0,0,0,0,0,0,False,False,OFF,False,False,False,False,False,Closed,0,OFF,OFF,OFF,OFF,1,TimeLevelOption_Disabled,FF,0,0,0,0
10/13/2021,16:00:56:.843,04:00:56 p. m.,.843,Crit 0.0 Non Crit 0.0,21CE188EDA,Crit 0.0 Non Crit 0.0,Crit 1.0 Non Crit 4.1,00 00 00 00,STANDBY,OFF,Cycle 0 Unknown,OFF,OFF,OFF,OFF,0,0,161,0,0,False,0,0,0,0,0,0,0,False,False,OFF,False,False,False,False,False,Closed,0,OFF,OFF,OFF,OFF,1,TimeLevelOption_Disabled,FF,0,0,0,0
10/13/2021,16:00:56:.990,04:00:56 p. m.,.990,Crit 0.0 Non Crit 0.0,21CE188EDA,Crit 0.0 Non Crit 0.0,Crit 1.0 Non Crit 4.1,00 00 00 00,STANDBY,OFF,Cycle 0 Unknown,OFF,OFF,OFF,OFF,0,0,161,0,0,False,0,0,0,0,0,0,0,False,False,OFF,False,False,False,False,False,Closed,0,OFF,OFF,OFF,OFF,1,TimeLevelOption_Disabled,FF,0,0,0,0
10/13/2021,16:00:57:.157,04:00:57 p. m.,.157,Crit 0.0 Non Crit 0.0,21CE188EDA,Crit 0.0 Non Crit 0.0,Crit 1.0 Non Crit 4.1,00 00 00 00,STANDBY,OFF,Cycle 0 Unknown,OFF,OFF,OFF,OFF,0,0,169,0,0,False,0,0,0,0,0,0,0,False,False,OFF,False,False,False,False,False,Closed,0,OFF,OFF,OFF,OFF,1,TimeLevelOption_Disabled,FF,0,0,0,0
10/13/2021,16:00:57:.323,04:00:57 p. m.,.323,Crit 0.0 Non Crit 0.0,21CE188EDA,Crit 0.0 Non Crit 0.0,Crit 1.0 Non Crit 4.1,00 00 00 00,STANDBY,OFF,Cycle 0 Unknown,OFF,OFF,OFF,OFF,0,0,169,0,0,False,0,0,0,0,0,0,0,False,False,OFF,False,False,False,False,False,Closed,0,OFF,OFF,OFF,OFF,1,TimeLevelOption_Disabled,FF,0,0,0,0
10/13/2021,16:00:57:.487,04:00:57 p. m.,.487,Crit 0.0 Non Crit 0.0,21CE188EDA,Crit 0.0 Non Crit 0.0,Crit 1.0 Non Crit 4.1,00 00 00 00,STANDBY,OFF,Cycle 0 Unknown,OFF,OFF,OFF,OFF,0,0,169,0,0,False,0,0,0,0,0,0,0,False,False,OFF,False,False,False,False,False,Closed,0,OFF,OFF,OFF,OFF,1,TimeLevelOption_Disabled,FF,0,0,0,0
10/13/2021,16:00:57:.659,04:00:57 p. m.,.659,Crit 0.0 Non Crit 0.0,21CE188EDA,Crit 0.0 Non Crit 0.0,Crit 1.0 Non Crit 4.1,00 00 00 00,STANDBY,OFF,Cycle 0 Unknown,OFF,OFF,OFF,OFF,0,0,169,0,0,False,0,0,0,0,0,0,0,False,False,OFF,False,False,False,False,False,Closed,0,OFF,OFF,OFF,OFF,1,TimeLevelOption_Disabled,FF,0,0,0,0
10/13/2021,16:00:57:.823,04:00:57 p. m.,.823,Crit 0.0 Non Crit 0.0,21CE188EDA,Crit 0.0 Non Crit 0.0,Crit 1.0 Non Crit 4.1,00 00 00 00,STANDBY,OFF,Cycle 0 Unknown,OFF,OFF,OFF,OFF,0,0,169,0,0,False,0,0,0,0,0,0,0,False,False,OFF,False,False,False,False,False,Closed,0,OFF,OFF,OFF,OFF,1,TimeLevelOption_Disabled,FF,0,0,0,0
10/13/2021,16:00:57:.991,04:00:57 p. m.,.991,Crit 0.0 Non Crit 0.0,21CE188EDA,Crit 0.0 Non Crit 0.0,Crit 1.0 Non Crit 4.1,00 00 00 00,STANDBY,OFF,Cycle 0 Unknown,OFF,OFF,OFF,OFF,0,0,169,0,0,False,0,0,0,0,0,0,0,False,False,OFF,False,False,False,False,False,Closed,0,OFF,OFF,OFF,OFF,1,TimeLevelOption_Disabled,FF,0,0,0,0
10/13/2021,16:00:58:.660,04:00:58 p. m.,.660,Crit 0.0 Non Crit 0.0,21CE188EDA,Crit 0.0 Non Crit 0.0,Crit 1.0 Non Crit 4.1,00 00 00 00,STANDBY,OFF,Cycle 0 Unknown,OFF,OFF,OFF,OFF,0,0,165,0,0,False,0,0,0,0,0,0,0,False,False,OFF,False,False,False,False,False,Closed,0,OFF,OFF,OFF,OFF,1,TimeLevelOption_Disabled,FF,0,0,0,0
10/13/2021,16:00:58:.822,04:00:58 p. m.,.822,Crit 0.0 Non Crit 0.0,21CE188EDA,Crit 0.0 Non Crit 0.0,Crit 1.0 Non Crit 4.1,00 00 00 00,STANDBY,OFF,Cycle 0 Unknown,OFF,OFF,OFF,OFF,0,0,165,0,0,False,0,0,0,0,0,0,0,False,False,OFF,False,False,False,False,False,Closed,0,OFF,OFF,OFF,OFF,1,TimeLevelOption_Disabled,FF,0,0,0,0
10/13/2021,16:00:59:.009,04:00:59 p. m.,.009,Crit 0.0 Non Crit 0.0,21CE188EDA,Crit 0.0 Non Crit 0.0,Crit 1.0 Non Crit 4.1,00 00 00 00,STANDBY,OFF,Cycle 0 Unknown,OFF,OFF,OFF,OFF,0,0,165,0,0,False,0,0,0,0,0,0,0,False,False,OFF,False,False,False,False,False,Closed,0,OFF,OFF,OFF,OFF,1,TimeLevelOption_Disabled,FF,0,0,0,0
10/13/2021,16:00:59:.198,04:00:59 p. m.,.198,Crit 0.0 Non Crit 0.0,21CE188EDA,Crit 0.0 Non Crit 0.0,Crit 1.0 Non Crit 4.1,00 00 00 00,STANDBY,OFF,Cycle 0 Unknown,OFF,OFF,OFF,OFF,0,0,159,0,0,False,0,0,0,0,0,0,0,False,False,OFF,False,False,False,False,False,Closed,0,OFF,OFF,OFF,OFF,1,TimeLevelOption_Disabled,FF,0,0,0,0
10/13/2021,16:00:59:.368,04:00:59 p. m.,.368,Crit 0.0 Non Crit 0.0,21CE188EDA,Crit 0.0 Non Crit 0.0,Crit 1.0 Non Crit 4.1,00 00 00 00,STANDBY,OFF,Cycle 0 Unknown,OFF,OFF,OFF,OFF,0,0,159,0,0,False,0,0,0,0,0,0,0,False,False,OFF,False,False,False,False,False,Closed,0,OFF,OFF,OFF,OFF,1,TimeLevelOption_Disabled,FF,0,0,0,0
10/13/2021,16:01:00:.035,04:01:00 p. m.,.035,Crit 0.0 Non Crit 0.0,21CE188EDA,Crit 0.0 Non Crit 0.0,Crit 1.0 Non Crit 4.1,00 00 00 00,STANDBY,OFF,Cycle 0 Unknown,OFF,OFF,OFF,OFF,0,0,159,0,0,False,0,0,0,0,0,0,0,False,False,OFF,False,False,False,False,False,Closed,0,OFF,OFF,OFF,OFF,1,TimeLevelOption_Disabled,FF,0,0,0,0
10/13/2021,16:01:00:.215,04:01:00 p. m.,.215,Crit 0.0 Non Crit 0.0,21CE188EDA,Crit 0.0 Non Crit 0.0,Crit 1.0 Non Crit 4.1,00 00 00 00,STANDBY,OFF,Cycle 0 Unknown,OFF,OFF,OFF,OFF,0,0,192,0,0,False,0,0,0,0,0,0,0,False,False,OFF,False,False,False,False,False,Closed,0,OFF,OFF,OFF,OFF,1,TimeLevelOption_Disabled,FF,0,0,0,0
10/13/2021,16:01:00:.390,04:01:00 p. m.,.390,Crit 0.0 Non Crit 0.0,21CE188EDA,Crit 0.0 Non Crit 0.0,Crit 1.0 Non Crit 4.1,00 00 00 00,STANDBY,OFF,Cycle 0 Unknown,OFF,OFF,OFF,OFF,0,0,192,0,0,False,0,0,0,0,0,0,0,False,False,OFF,False,False,False,False,False,Closed,0,OFF,OFF,OFF,OFF,1,TimeLevelOption_Disabled,FF,0,0,0,0
10/13/2021,16:01:00:.546,04:01:00 p. m.,.546,Crit 0.0 Non Crit 0.0,21CE188EDA,Crit 0.0 Non Crit 0.0,Crit 1.0 Non Crit 4.1,00 00 00 00,STANDBY,OFF,Cycle 0 Unknown,OFF,OFF,OFF,OFF,0,0,192,0,0,False,0,0,0,0,0,0,0,False,False,OFF,False,False,False,False,False,Closed,0,OFF,OFF,OFF,OFF,1,TimeLevelOption_Disabled,FF,0,0,0,0
10/13/2021,16:01:00:.715,04:01:00 p. m.,.715,Crit 0.0 Non Crit 0.0,21CE188EDA,Crit 0.0 Non Crit 0.0,Crit 1.0 Non Crit 4.1,00 00 00 00,STANDBY,OFF,Cycle 0 Unknown,OFF,OFF,OFF,OFF,0,0,192,0,0,False,0,0,0,0,0,0,0,False,False,OFF,False,False,False,False,False,Closed,0,OFF,OFF,OFF,OFF,1,TimeLevelOption_Disabled,FF,0,0,0,0
10/13/2021,16:01:00:.907,04:01:00 p. m.,.907,Crit 0.0 Non Crit 0.0,21CE188EDA,Crit 0.0 Non Crit 0.0,Crit 1.0 Non Crit 4.1,00 00 00 00,STANDBY,OFF,Cycle 0 Unknown,OFF,OFF,OFF,OFF,0,0,192,0,0,False,0,0,0,0,0,0,0,False,False,OFF,False,False,False,False,False,Closed,0,OFF,OFF,OFF,OFF,1,TimeLevelOption_Disabled,FF,0,0,0,0
10/13/2021,16:01:01:.070,04:01:01 p. m.,.070,Crit 0.0 Non Crit 0.0,21CE188EDA,Crit 0.0 Non Crit 0.0,Crit 1.0 Non Crit 4.1,00 00 00 00,STANDBY,OFF,Cycle 0 Unknown,OFF,OFF,OFF,OFF,0,0,192,0,0,False,0,0,0,0,0,0,0,False,False,OFF,False,False,False,False,False,Closed,0,OFF,OFF,OFF,OFF,1,TimeLevelOption_Disabled,FF,0,0,0,0
10/13/2021,16:01:01:.235,04:01:01 p. m.,.235,Crit 0.0 Non Crit 0.0,21CE188EDA,Crit 0.0 Non Crit 0.0,Crit 1.0 Non Crit 4.1,00 00 00 00,STANDBY,OFF,Cycle 0 Unknown,OFF,OFF,OFF,OFF,0,0,161,0,0,False,0,0,0,0,0,0,0,False,False,OFF,False,False,False,False,False,Closed,0,OFF,OFF,OFF,OFF,1,TimeLevelOption_Disabled,FF,0,0,0,0
10/13/2021,16:01:01:.405,04:01:01 p. m.,.405,Crit 0.0 Non Crit 0.0,21CE188EDA,Crit 0.0 Non Crit 0.0,Crit 1.0 Non Crit 4.1,00 00 00 00,STANDBY,OFF,Cycle 0 Unknown,OFF,OFF,OFF,OFF,0,0,161,0,0,False,0,0,0,0,0,0,0,False,False,OFF,False,False,False,False,False,Closed,0,OFF,OFF,OFF,OFF,1,TimeLevelOption_Disabled,FF,0,0,0,0
10/13/2021,16:01:01:.572,04:01:01 p. m.,.572,Crit 0.0 Non Crit 0.0,21CE188EDA,Crit 0.0 Non Crit 0.0,Crit 1.0 Non Crit 4.1,00 00 00 00,STANDBY,OFF,Cycle 0 Unknown,OFF,OFF,OFF,OFF,0,0,161,0,0,False,0,0,0,0,0,0,0,False,False,OFF,False,False,False,False,False,Closed,0,OFF,OFF,OFF,OFF,1,TimeLevelOption_Disabled,FF,0,0,0,0
10/13/2021,16:01:01:.756,04:01:01 p. m.,.756,Crit 0.0 Non Crit 0.0,21CE188EDA,Crit 0.0 Non Crit 0.0,Crit 1.0 Non Crit 4.1,00 00 00 00,STANDBY,OFF,Cycle 0 Unknown,OFF,OFF,OFF,OFF,0,0,161,0,0,False,0,0,0,0,0,0,0,False,False,OFF,False,False,False,False,False,Closed,0,OFF,OFF,OFF,OFF,1,TimeLevelOption_Disabled,FF,0,0,0,0
10/13/2021,16:01:01:.919,04:01:01 p. m.,.919,Crit 0.0 Non Crit 0.0,21CE188EDA,Crit 0.0 Non Crit 0.0,Crit 1.0 Non Crit 4.1,00 00 00 00,STANDBY,OFF,Cycle 0 Unknown,OFF,OFF,OFF,OFF,0,0,161,0,0,False,0,0,0,0,0,0,0,False,False,OFF,False,False,False,False,False,Closed,0,OFF,OFF,OFF,OFF,1,TimeLevelOption_Disabled,FF,0,0,0,0
10/13/2021,16:01:02:.086,04:01:02 p. m.,.086,Crit 0.0 Non Crit 0.0,21CE188EDA,Crit 0.0 Non Crit 0.0,Crit 1.0 Non Crit 4.1,00 00 00 00,STANDBY,OFF,Cycle 0 Unknown,OFF,OFF,OFF,OFF,0,0,166,0,0,False,0,0,0,0,0,0,0,False,False,OFF,False,False,False,False,False,Closed,0,OFF,OFF,OFF,OFF,1,TimeLevelOption_Disabled,FF,0,0,0,0
10/13/2021,16:01:02:.272,04:01:02 p. m.,.272,Crit 0.0 Non Crit 0.0,21CE188EDA,Crit 0.0 Non Crit 0.0,Crit 1.0 Non Crit 4.1,00 00 00 00,STANDBY,OFF,Cycle 0 Unknown,OFF,OFF,OFF,OFF,0,0,166,0,0,False,0,0,0,0,0,0,0,False,False,OFF,False,False,False,False,False,Closed,0,OFF,OFF,OFF,OFF,1,TimeLevelOption_Disabled,FF,0,0,0,0
10/13/2021,16:01:02:.463,04:01:02 p. m.,.463,Crit 0.0 Non Crit 0.0,21CE188EDA,Crit 0.0 Non Crit 0.0,Crit 1.0 Non Crit 4.1,00 00 00 00,STANDBY,OFF,Cycle 0 Unknown,OFF,OFF,OFF,OFF,0,0,166,0,0,False,0,0,0,0,0,0,0,False,False,OFF,False,False,False,False,False,Closed,0,OFF,OFF,OFF,OFF,1,TimeLevelOption_Disabled,FF,0,0,0,0
10/13/2021,16:01:02:.619,04:01:02 p. m.,.619,Crit 0.0 Non Crit 0.0,21CE188EDA,Crit 0.0 Non Crit 0.0,Crit 1.0 Non Crit 4.1,00 00 00 00,STANDBY,OFF,Cycle 0 Unknown,OFF,OFF,OFF,OFF,0,0,166,0,0,False,0,0,0,0,0,0,0,False,False,OFF,False,False,False,False,False,Closed,0,OFF,OFF,OFF,OFF,1,TimeLevelOption_Disabled,FF,0,0,0,0
